source_id	author	text
7b5879332fca073dceba3e81947baa14	范雲	【其一】
7b5879332fca073dceba3e81947baa14	范雲	【其二】
7b5879332fca073dceba3e81947baa14	范雲	【其三】
7b5879332fca073dceba3e81947baa14	范雲	【其四】
7b58793331b44ac0151f5524b81b063d	费昶	【其一】
7b58793331b44ac0151f5524b81b063d	费昶	君不见长安客舍门
7b58793331b44ac0151f5524b81b063d	费昶	【其二】
7b58793331b44ac0151f5524b81b063d	费昶	君不见人生百年如流电
7b587933321d5f3de3ec0ff943a456f5	谢惠连	【其一】
7b587933321d5f3de3ec0ff943a456f5	谢惠连	【其二】
7b587933321d5f3de3ec0ff943a456f5	谢惠连	【其三】
7b587933321d5f3de3ec0ff943a456f5	谢惠连	【其四】
7b587933321d5f3de3ec0ff943a456f5	谢惠连	【其五】
7b58793334fd517763faad908127151c	谢庄	去旧国
7b58793334fd517763faad908127151c	谢庄	违旧乡
7b58793334fd517763faad908127151c	谢庄	登楚都
7b58793334fd517763faad908127151c	谢庄	入楚关
7b58793334fd517763faad908127151c	谢庄	邅吾游夫鄢郢
7b58793334fd517763faad908127151c	谢庄	路修远以萦纡
7b58793334fd517763faad908127151c	谢庄	羌故园之在目
7b58793334fd517763faad908127151c	谢庄	目还流而附音
7b58793334fd517763faad908127151c	谢庄	候归烟而托书
7b58793334fd517763faad908127151c	谢庄	念卫风于河广
7b58793334fd517763faad908127151c	谢庄	怀邶诗于毖泉
7b58793334fd517763faad908127151c	谢庄	或巢阳而望越
7b58793334fd517763faad908127151c	谢庄	亦依阴而慕燕
7b58793334fd517763faad908127151c	谢庄	咏零雨而卒岁
7b58793334fd517763faad908127151c	谢庄	吟秋风以永年
7b58793334fd51776f2681bcbac66383	谢庄	玄管洽
7b58793334fd51776f2681bcbac66383	谢庄	豳诗平
7b58793334fd51776f2681bcbac66383	谢庄	火洲灭
7b58793334fd51776f2681bcbac66383	谢庄	日壑清
7b58793334fd51776f2681bcbac66383	谢庄	龙关沙蒸
7b58793334fd51776f2681bcbac66383	谢庄	河徼云惊
7b58793334fd51776f2681bcbac66383	谢庄	晷未沉而井閟
7b58793334fd51776f2681bcbac66383	谢庄	宇方霾而海溟
7b58793334fd51776f2681bcbac66383	谢庄	山飞白雪
7b58793334fd51776f2681bcbac66383	谢庄	降千□而瑞神世
7b58793334fd51776f2681bcbac66383	谢庄	始□葐蒀以蕤转
7b58793334fd51776f2681bcbac66383	谢庄	终徘徊而烟曳
7b58793334fd51776f2681bcbac66383	谢庄	状素镜之晨光
7b58793334fd51776f2681bcbac66383	谢庄	写金波之夜晰
7b58793334fd51776f2681bcbac66383	谢庄	及其流彩犹抟
7b58793334fd51776f2681bcbac66383	谢庄	凝明亟积
7b58793334fd51776f2681bcbac66383	谢庄	郊隰均映
7b58793334fd51776f2681bcbac66383	谢庄	江峦齐奕
7b58793334fd51776f2681bcbac66383	谢庄	审伊宫之逾丈
7b58793334fd51776f2681bcbac66383	谢庄	信钘阿之盈尺
7b58793334fd51776f2681bcbac66383	谢庄	洞秋方之玉园
7b58793334fd51776f2681bcbac66383	谢庄	果仙京之珠泽
7b58793334fd51776f2681bcbac66383	谢庄	若夫贞性贲道
7b58793334fd51776f2681bcbac66383	谢庄	润德晖经
7b58793334fd51776f2681bcbac66383	谢庄	既昭化于卫术
7b58793334fd51776f2681bcbac66383	谢庄	亦阐义于齐庭
7b58793334fd51776f2681bcbac66383	谢庄	结秋竹之丽响
7b58793334fd51776f2681bcbac66383	谢庄	引幽兰之微馨
7b58793334fd51776f2681bcbac66383	谢庄	窃惟鸿化远洎
7b58793334fd51776f2681bcbac66383	谢庄	玄风遐施
7b58793334fd51776f2681bcbac66383	谢庄	浃纬称祥
7b58793334fd51776f2681bcbac66383	谢庄	磬埏作瑞
7b58793334fd51776f2681bcbac66383	谢庄	调露之乐既兴
7b58793334fd51776f2681bcbac66383	谢庄	大闺之歌已被
7b58793334fd51776f2681bcbac66383	谢庄	长无愆于平施
7b587933367d4562d458345382f3b4ad	谢灵运	【其一
7b587933367d4562d458345382f3b4ad	谢灵运	·
7b587933367d4562d458345382f3b4ad	谢灵运	魏太子】
7b587933367d4562d458345382f3b4ad	谢灵运	【其二
7b587933367d4562d458345382f3b4ad	谢灵运	·
7b587933367d4562d458345382f3b4ad	谢灵运	王粲】
7b587933367d4562d458345382f3b4ad	谢灵运	家本秦川
7b587933367d4562d458345382f3b4ad	谢灵运	贵公子孙
7b587933367d4562d458345382f3b4ad	谢灵运	遭乱流寓
7b587933367d4562d458345382f3b4ad	谢灵运	自伤情多
7b587933367d4562d458345382f3b4ad	谢灵运	【其三
7b587933367d4562d458345382f3b4ad	谢灵运	·
7b587933367d4562d458345382f3b4ad	谢灵运	陈琳】
7b587933367d4562d458345382f3b4ad	谢灵运	【其四
7b587933367d4562d458345382f3b4ad	谢灵运	·
7b587933367d4562d458345382f3b4ad	谢灵运	徐幹】
7b587933367d4562d458345382f3b4ad	谢灵运	【其五
7b587933367d4562d458345382f3b4ad	谢灵运	·
7b587933367d4562d458345382f3b4ad	谢灵运	刘桢】
7b587933367d4562d458345382f3b4ad	谢灵运	【其六
7b587933367d4562d458345382f3b4ad	谢灵运	·
7b587933367d4562d458345382f3b4ad	谢灵运	应玚】
7b587933367d4562d458345382f3b4ad	谢灵运	【其七
7b587933367d4562d458345382f3b4ad	谢灵运	·
7b587933367d4562d458345382f3b4ad	谢灵运	阮瑀】
7b587933367d4562d458345382f3b4ad	谢灵运	【其八
7b587933367d4562d458345382f3b4ad	谢灵运	·
7b587933367d4562d458345382f3b4ad	谢灵运	平原侯植】
7b587933367d4562d742d83b407e3f5f	谢灵运	阳谷跃升
7b587933367d4562d742d83b407e3f5f	谢灵运	虞渊引落
7b587933367d4562d742d83b407e3f5f	谢灵运	景曜东隅
7b587933367d4562d742d83b407e3f5f	谢灵运	晼晚西薄
7b587933367d4562d742d83b407e3f5f	谢灵运	三春燠敷
7b587933367d4562d742d83b407e3f5f	谢灵运	九秋萧索
7b587933367d4562d742d83b407e3f5f	谢灵运	凉来温谢
7b587933367d4562d742d83b407e3f5f	谢灵运	寒往暑却
7b587933367d4562d742d83b407e3f5f	谢灵运	居德斯颐
7b587933367d4562d742d83b407e3f5f	谢灵运	积善嬉谑
7b587933367d4562d742d83b407e3f5f	谢灵运	阴灌阳丛
7b587933367d4562d742d83b407e3f5f	谢灵运	凋华堕萼
7b587933367d4562d742d83b407e3f5f	谢灵运	欢去易惨
7b587933367d4562d742d83b407e3f5f	谢灵运	悲至难铄
7b587933367d4562d742d83b407e3f5f	谢灵运	击节当歌
7b587933367d4562d742d83b407e3f5f	谢灵运	对酒当酌
7b587933367d4562d742d83b407e3f5f	谢灵运	鄙哉愚人
7b587933367d4562d742d83b407e3f5f	谢灵运	戚戚怀瘼
7b587933367d4562d742d83b407e3f5f	谢灵运	善哉达士
7b587933367d4562d742d83b407e3f5f	谢灵运	滔滔处乐
7b587933367d45620d16761675f0e184	谢灵运	昔在老子
7b587933367d45620d16761675f0e184	谢灵运	至理成篇
7b587933367d45620d16761675f0e184	谢灵运	柱小倾大
7b587933367d45620d16761675f0e184	谢灵运	绠短绝泉
7b587933367d45620d16761675f0e184	谢灵运	鸟之栖游
7b587933367d45620d16761675f0e184	谢灵运	林檀是闲
7b587933367d45620d16761675f0e184	谢灵运	韶乐牢膳
7b587933367d45620d16761675f0e184	谢灵运	岂伊攸便
7b587933367d45620d16761675f0e184	谢灵运	胡为乖枉
7b587933367d45620d16761675f0e184	谢灵运	从表方圆
7b587933367d45620d16761675f0e184	谢灵运	耿耿僚志
7b587933367d45620d16761675f0e184	谢灵运	慊慊丘园
7b587933367d45620d16761675f0e184	谢灵运	善歌以咏
7b587933367d45620d16761675f0e184	谢灵运	言理成篇
7b587933367d4562874ea365dc146024	谢灵运	忧来伤人
7b587933367d4562874ea365dc146024	谢灵运	忧来伤人
7b587933367d4562874ea365dc146024	谢灵运	忧来伤人
7b587933367d4562874ea365dc146024	谢灵运	忧来伤人
7b587933367d45626bc8e8f1907af5f5	谢灵运	譬如虬虎兮来风云
7b587933367d45626bc8e8f1907af5f5	谢灵运	叔牙显
7b587933367d45626bc8e8f1907af5f5	谢灵运	夷吾亲
7b587933367d45626bc8e8f1907af5f5	谢灵运	郢既殁
7b587933367d45626bc8e8f1907af5f5	谢灵运	匠寝斤
7b587933367d45626bc8e8f1907af5f5	谢灵运	览古籍
7b587933367d45626bc8e8f1907af5f5	谢灵运	信伊人
7b587933367d4562b39f5892e8caf49d	谢灵运	出西门
7b587933367d4562b39f5892e8caf49d	谢灵运	眺云间
7b587933367d4562b39f5892e8caf49d	谢灵运	信道人
7b587933367d4562b39f5892e8caf49d	谢灵运	鉴徂川
7b587933367d4562b39f5892e8caf49d	谢灵运	闵九九
7b587933367d4562b39f5892e8caf49d	谢灵运	伤牛山
7b587933367d4562b39f5892e8caf49d	谢灵运	竞落运
7b587933367d4562b39f5892e8caf49d	谢灵运	务颓年
7b587933367d4562b39f5892e8caf49d	谢灵运	酌芳酤
7b587933367d4562b39f5892e8caf49d	谢灵运	奏繁弦
7b587933367d4562b39f5892e8caf49d	谢灵运	惜寸阴
7b587933367d4562b39f5892e8caf49d	谢灵运	情固然
7b587933367d45629359068e90be0678	谢灵运	薄游出彼东道
7b587933367d45629359068e90be0678	谢灵运	上留田
7b587933367d45629359068e90be0678	谢灵运	薄游出彼东道
7b587933367d45629359068e90be0678	谢灵运	上留田
7b587933367d45629359068e90be0678	谢灵运	循听一何矗矗
7b587933367d45629359068e90be0678	谢灵运	上留田
7b587933367d45629359068e90be0678	谢灵运	澄川一何皎皎
7b587933367d45629359068e90be0678	谢灵运	上留田
7b587933367d45629359068e90be0678	谢灵运	悠哉逷矣征夫
7b587933367d45629359068e90be0678	谢灵运	上留田
7b587933367d45629359068e90be0678	谢灵运	悠哉逷矣征夫
7b587933367d45629359068e90be0678	谢灵运	上留田
7b587933367d45629359068e90be0678	谢灵运	两服上阪电游
7b587933367d45629359068e90be0678	谢灵运	上留田
7b587933367d45629359068e90be0678	谢灵运	舫舟下游飙驱
7b587933367d45629359068e90be0678	谢灵运	上留田
7b587933367d45629359068e90be0678	谢灵运	此别既久无适
7b587933367d45629359068e90be0678	谢灵运	上留田
7b587933367d45629359068e90be0678	谢灵运	此别既久无适
7b587933367d45629359068e90be0678	谢灵运	上留田
7b587933367d45629359068e90be0678	谢灵运	寸心系在万里
7b587933367d45629359068e90be0678	谢灵运	上留田
7b587933367d45629359068e90be0678	谢灵运	尺素遵此千夕
7b587933367d45629359068e90be0678	谢灵运	上留田
7b587933367d45629359068e90be0678	谢灵运	秋冬迭相去就
7b587933367d45629359068e90be0678	谢灵运	上留田
7b587933367d45629359068e90be0678	谢灵运	秋冬迭相去就
7b587933367d45629359068e90be0678	谢灵运	上留田
7b587933367d45629359068e90be0678	谢灵运	素雪纷纷鹤委
7b587933367d45629359068e90be0678	谢灵运	上留田
7b587933367d45629359068e90be0678	谢灵运	清风飙飙入袖
7b587933367d45629359068e90be0678	谢灵运	上留田
7b587933367d45629359068e90be0678	谢灵运	岁云暮矣增忧
7b587933367d45629359068e90be0678	谢灵运	上留田
7b587933367d45629359068e90be0678	谢灵运	岁云暮矣增忧
7b587933367d45629359068e90be0678	谢灵运	上留田
7b587933367d45629359068e90be0678	谢灵运	诚知运来讵抑
7b587933367d45629359068e90be0678	谢灵运	上留田
7b587933367d45629359068e90be0678	谢灵运	熟视年往莫留
7b587933367d45629359068e90be0678	谢灵运	上留田
7b587933367d45628baaf4dafb9d5371	谢灵运	详观记牒
7b587933367d45628baaf4dafb9d5371	谢灵运	鸿荒莫传
7b587933367d45628baaf4dafb9d5371	谢灵运	降及云鸟
7b587933367d45628baaf4dafb9d5371	谢灵运	曰圣则天
7b587933367d45628baaf4dafb9d5371	谢灵运	虞承唐命
7b587933367d45628baaf4dafb9d5371	谢灵运	周袭商艰
7b587933367d45628baaf4dafb9d5371	谢灵运	江之永矣
7b587933367d45628baaf4dafb9d5371	谢灵运	皇心惟眷
7b587933367d45628baaf4dafb9d5371	谢灵运	矧乃暮春
7b587933367d45628baaf4dafb9d5371	谢灵运	时物芳衍
7b587933367d45628baaf4dafb9d5371	谢灵运	滥觞逶迤
7b587933367d45628baaf4dafb9d5371	谢灵运	周流兰殿
7b587933367d45628baaf4dafb9d5371	谢灵运	礼备朝容
7b587933367d45628baaf4dafb9d5371	谢灵运	乐阕夕宴
7b587933367d456293b5cda7b1e7256d	谢灵运	毖彼明泉
7b587933367d456293b5cda7b1e7256d	谢灵运	馥矣芳荑
7b587933367d456293b5cda7b1e7256d	谢灵运	扬晔神皋
7b587933367d456293b5cda7b1e7256d	谢灵运	澄清灵溪
7b587933367d456293b5cda7b1e7256d	谢灵运	灼灼吾秀
7b587933367d456293b5cda7b1e7256d	谢灵运	徽美是谐
7b587933367d456293b5cda7b1e7256d	谢灵运	誉必德昭
7b587933367d456293b5cda7b1e7256d	谢灵运	志由业栖
7b587933367d456247960f0243224fd9	谢灵运	憩凤于林
7b587933367d456247960f0243224fd9	谢灵运	养龙在泉
7b587933367d456247960f0243224fd9	谢灵运	舍潜就跃
7b587933367d456247960f0243224fd9	谢灵运	假云翔天
7b587933367d456247960f0243224fd9	谢灵运	餁以味变
7b587933367d456247960f0243224fd9	谢灵运	台以明宣
7b587933367d456247960f0243224fd9	谢灵运	言辞戚朝
7b587933367d456247960f0243224fd9	谢灵运	聿来鼎藩
7b587933367d4562112fcfda798536f9	谢灵运	昔尔同事
7b587933367d4562112fcfda798536f9	谢灵运	谓予偕征
7b587933367d4562112fcfda798536f9	谢灵运	暌合无朕
7b587933367d4562112fcfda798536f9	谢灵运	聚散有情
7b587933367d4562112fcfda798536f9	谢灵运	我端北署
7b587933367d4562112fcfda798536f9	谢灵运	子腾南溟
7b587933367d4562112fcfda798536f9	谢灵运	申非授乖
7b587933367d4562112fcfda798536f9	谢灵运	饮泪凄声
7b587933367d4562b375eead6a55156a	谢灵运	缅邈荆巫
7b587933367d4562b375eead6a55156a	谢灵运	杳翳江湍
7b587933367d4562b375eead6a55156a	谢灵运	三千既旷
7b587933367d4562b375eead6a55156a	谢灵运	繇役实难
7b587933367d4562b375eead6a55156a	谢灵运	想象微景
7b587933367d4562b375eead6a55156a	谢灵运	延伫音翰
7b587933367d4562b375eead6a55156a	谢灵运	因云往情
7b587933367d4562b375eead6a55156a	谢灵运	感风来叹
7b587933367d456249766b381c6dd517	谢灵运	寝处燕说
7b587933367d456249766b381c6dd517	谢灵运	指辰忌薄
7b587933367d456249766b381c6dd517	谢灵运	仳离未几
7b587933367d456249766b381c6dd517	谢灵运	节至采获
7b587933367d456249766b381c6dd517	谢灵运	静念霜繁
7b587933367d456249766b381c6dd517	谢灵运	长怀景落
7b587933367d456249766b381c6dd517	谢灵运	人道分虑
7b587933367d456249766b381c6dd517	谢灵运	前期靡托
7b587933367d45626abb6ece5aaf86eb	谢灵运	视听易狎
7b587933367d45626abb6ece5aaf86eb	谢灵运	冲用难本
7b587933367d45626abb6ece5aaf86eb	谢灵运	违真一差
7b587933367d45626abb6ece5aaf86eb	谢灵运	顺性谁卷
7b587933367d45626abb6ece5aaf86eb	谢灵运	颜子悔伤
7b587933367d45626abb6ece5aaf86eb	谢灵运	蘧生化善
7b587933367d45626abb6ece5aaf86eb	谢灵运	心愧虽厚
7b587933367d45626abb6ece5aaf86eb	谢灵运	行迷未远
7b587933367d45626abb6ece5aaf86eb	谢灵运	平生结诚
7b587933367d45626abb6ece5aaf86eb	谢灵运	久要罔转
7b587933367d45626abb6ece5aaf86eb	谢灵运	警掉候风
7b587933367d45626abb6ece5aaf86eb	谢灵运	侧望双反
7b587933367d4562931e6e518a0186f1	谢灵运	悬圃树瑶
7b587933367d4562931e6e518a0186f1	谢灵运	昆山挺玉
7b587933367d4562931e6e518a0186f1	谢灵运	流采神皋
7b587933367d4562931e6e518a0186f1	谢灵运	列秀华岳
7b587933367d4562931e6e518a0186f1	谢灵运	休哉美宝
7b587933367d4562931e6e518a0186f1	谢灵运	擢颖昌族
7b587933367d4562931e6e518a0186f1	谢灵运	灼灼风徽
7b587933367d4562931e6e518a0186f1	谢灵运	采采文牍
7b587933367d45625d1145ea8e0d9953	谢灵运	伊昔昆弟
7b587933367d45625d1145ea8e0d9953	谢灵运	敦好闾里
7b587933367d45625d1145ea8e0d9953	谢灵运	我暨我友
7b587933367d45625d1145ea8e0d9953	谢灵运	均尚同耻
7b587933367d45625d1145ea8e0d9953	谢灵运	仰仪前修
7b587933367d45625d1145ea8e0d9953	谢灵运	绸缪儒史
7b587933367d45625d1145ea8e0d9953	谢灵运	亦有暇日
7b587933367d45625d1145ea8e0d9953	谢灵运	啸歌宴喜
7b587933367d4562efa1503be03691f4	谢灵运	聚散无期
7b587933367d4562efa1503be03691f4	谢灵运	乖仳易端
7b587933367d4562efa1503be03691f4	谢灵运	之子名扬
7b587933367d4562efa1503be03691f4	谢灵运	鄙夫忝官
7b587933367d4562efa1503be03691f4	谢灵运	素质成漆
7b587933367d4562efa1503be03691f4	谢灵运	巾褐惧兰
7b587933367d4562efa1503be03691f4	谢灵运	迁流推薄
7b587933367d4562efa1503be03691f4	谢灵运	云胡不叹
7b587933367d456294a234e9e17b7185	谢灵运	中予备列
7b587933367d456294a234e9e17b7185	谢灵运	子赞时庸
7b587933367d456294a234e9e17b7185	谢灵运	偕直东署
7b587933367d456294a234e9e17b7185	谢灵运	密勿游从
7b587933367d456294a234e9e17b7185	谢灵运	彼美显价
7b587933367d456294a234e9e17b7185	谢灵运	煌煌逸踪
7b587933367d456294a234e9e17b7185	谢灵运	振迹鼎朝
7b587933367d456294a234e9e17b7185	谢灵运	翰飞云龙
7b587933367d4562bab0881ca278fec8	谢灵运	嗟兹飘转
7b587933367d4562bab0881ca278fec8	谢灵运	随流如萍
7b587933367d4562bab0881ca278fec8	谢灵运	台岳崇观
7b587933367d4562bab0881ca278fec8	谢灵运	僚士惟明
7b587933367d4562bab0881ca278fec8	谢灵运	璅璅下路
7b587933367d4562bab0881ca278fec8	谢灵运	从公于征
7b587933367d4562bab0881ca278fec8	谢灵运	溯江践汉
7b587933367d4562bab0881ca278fec8	谢灵运	自徐徂荆
7b587933367d4562493a366895312ccb	谢灵运	契阔北京
7b587933367d4562493a366895312ccb	谢灵运	劬劳西郢
7b587933367d4562493a366895312ccb	谢灵运	守官末局
7b587933367d4562493a366895312ccb	谢灵运	年月已永
7b587933367d4562493a366895312ccb	谢灵运	孰是疲劣
7b587933367d4562493a366895312ccb	谢灵运	逢此多□
7b587933367d4562493a366895312ccb	谢灵运	厚颜既积
7b587933367d4562493a366895312ccb	谢灵运	在志莫省
7b587933367d4562b2afefb938c40f9e	谢灵运	凄凄离人
7b587933367d4562b2afefb938c40f9e	谢灵运	惋乖悼己
7b587933367d4562b2afefb938c40f9e	谢灵运	企伫好音
7b587933367d4562b2afefb938c40f9e	谢灵运	倾渴行李
7b587933367d4562b2afefb938c40f9e	谢灵运	矧乃良朋
7b587933367d4562b2afefb938c40f9e	谢灵运	贻我琼玘
7b587933367d4562b2afefb938c40f9e	谢灵运	久要既笃
7b587933367d4562b2afefb938c40f9e	谢灵运	平生盈耳
7b587933367d4562b2afefb938c40f9e	谢灵运	申复情言
7b587933367d4562b2afefb938c40f9e	谢灵运	欣叹□起
7b587933367d4562b2afefb938c40f9e	谢灵运	何用托诚
7b587933367d4562b2afefb938c40f9e	谢灵运	寄之吾子
7b587933367d4562f903987808e16033	谢灵运	在昔先师
7b587933367d4562f903987808e16033	谢灵运	任诚师天
7b587933367d4562f903987808e16033	谢灵运	刻意岂高
7b587933367d4562f903987808e16033	谢灵运	江海非闲
7b587933367d4562f903987808e16033	谢灵运	守道顺性
7b587933367d4562f903987808e16033	谢灵运	乐兹丘园
7b587933367d4562f903987808e16033	谢灵运	偕友之唱
7b587933367d4562f903987808e16033	谢灵运	敬悦在篇
7b587933367d4562f903987808e16033	谢灵运	霜露荏苒
7b587933367d4562f903987808e16033	谢灵运	日月如捐
7b587933367d4562f903987808e16033	谢灵运	相望式遄
7b587933367d4562f903987808e16033	谢灵运	言归言旋
7b587933367d45629d45d1cef506b58c	谢灵运	于穆冠族
7b587933367d45629d45d1cef506b58c	谢灵运	肇自有姜
7b587933367d45629d45d1cef506b58c	谢灵运	峻极诞灵
7b587933367d45629d45d1cef506b58c	谢灵运	伊源降祥
7b587933367d45629d45d1cef506b58c	谢灵运	贻厥不已
7b587933367d45629d45d1cef506b58c	谢灵运	历代流光
7b587933367d45629d45d1cef506b58c	谢灵运	迈矣夫子
7b587933367d45629d45d1cef506b58c	谢灵运	允迪清芳
7b587933367d456297418b40f02b85f7	谢灵运	昔闻兰金
7b587933367d456297418b40f02b85f7	谢灵运	载美典经
7b587933367d456297418b40f02b85f7	谢灵运	曾是朋从
7b587933367d456297418b40f02b85f7	谢灵运	契合性情
7b587933367d456297418b40f02b85f7	谢灵运	我违志概
7b587933367d456297418b40f02b85f7	谢灵运	显藏无成
7b587933367d456297418b40f02b85f7	谢灵运	畴鉴予心
7b587933367d456297418b40f02b85f7	谢灵运	托之吾生
7b587933367d45624985227be1e61328	谢灵运	维翰孔务
7b587933367d45624985227be1e61328	谢灵运	明时劳止
7b587933367d45624985227be1e61328	谢灵运	我求髦俊
7b587933367d45624985227be1e61328	谢灵运	以作僚士
7b587933367d45624985227be1e61328	谢灵运	佥曰尔谐
7b587933367d45624985227be1e61328	谢灵运	俾蕃是纪
7b587933367d45624985227be1e61328	谢灵运	逝将去我
7b587933367d45624985227be1e61328	谢灵运	言念北鄙
7b587933367d456234bc00225762bd81	谢灵运	契阔群从
7b587933367d456234bc00225762bd81	谢灵运	缱绻游娱
7b587933367d456234bc00225762bd81	谢灵运	历时阅岁
7b587933367d456234bc00225762bd81	谢灵运	寒暑屡徂
7b587933367d456234bc00225762bd81	谢灵运	接席密处
7b587933367d456234bc00225762bd81	谢灵运	同轸修衢
7b587933367d456234bc00225762bd81	谢灵运	孰云异对
7b587933367d456234bc00225762bd81	谢灵运	翔集无殊
7b587933367d456235c3bd4791393d20	谢灵运	子既只命
7b587933367d456235c3bd4791393d20	谢灵运	饯此离襟
7b587933367d456235c3bd4791393d20	谢灵运	良会难期
7b587933367d456235c3bd4791393d20	谢灵运	朝光易侵
7b587933367d456235c3bd4791393d20	谢灵运	人之执情
7b587933367d456235c3bd4791393d20	谢灵运	吝景悼心
7b587933367d456235c3bd4791393d20	谢灵运	分手遵渚
7b587933367d456235c3bd4791393d20	谢灵运	倾耳淑音
7b587933367d4562400bd395d7e71ce6	谢灵运	时文前代
7b587933367d4562400bd395d7e71ce6	谢灵运	徽猷系从
7b587933367d4562400bd395d7e71ce6	谢灵运	于迈吾子
7b587933367d4562400bd395d7e71ce6	谢灵运	诞俊华宗
7b587933367d4562400bd395d7e71ce6	谢灵运	明发迪吉
7b587933367d4562400bd395d7e71ce6	谢灵运	因心体聪
7b587933367d4562400bd395d7e71ce6	谢灵运	微言是赏
7b587933367d4562400bd395d7e71ce6	谢灵运	斯文以崇
7b587933367d4562b2817f0d643d8919	谢灵运	用舍谁阶
7b587933367d4562b2817f0d643d8919	谢灵运	宾名相传
7b587933367d4562b2817f0d643d8919	谢灵运	秘丘发轸
7b587933367d4562b2817f0d643d8919	谢灵运	千里知贤
7b587933367d4562b2817f0d643d8919	谢灵运	抚翼宰朝
7b587933367d4562b2817f0d643d8919	谢灵运	翰飞戚蕃
7b587933367d4562b2817f0d643d8919	谢灵运	佐道以业
7b587933367d4562b2817f0d643d8919	谢灵运	淑问聿宣
7b587933367d45621ce717ba24283c12	谢灵运	相彼景响
7b587933367d45621ce717ba24283c12	谢灵运	有比形声
7b587933367d45621ce717ba24283c12	谢灵运	始云同宗
7b587933367d45621ce717ba24283c12	谢灵运	终焉友生
7b587933367d45621ce717ba24283c12	谢灵运	棠棣隆亲
7b587933367d45621ce717ba24283c12	谢灵运	頍弁鉴情
7b587933367d45621ce717ba24283c12	谢灵运	缅邈岁月
7b587933367d45621ce717ba24283c12	谢灵运	缱绻平生
7b587933367d4562ff61df9adc2a82d9	谢灵运	明政敦化
7b587933367d4562ff61df9adc2a82d9	谢灵运	矜恤载怀
7b587933367d4562ff61df9adc2a82d9	谢灵运	用掇良彦
7b587933367d4562ff61df9adc2a82d9	谢灵运	循我人黎
7b587933367d4562ff61df9adc2a82d9	谢灵运	江既永矣
7b587933367d4562ff61df9adc2a82d9	谢灵运	服亦南畿
7b587933367d4562ff61df9adc2a82d9	谢灵运	解袂告离
7b587933367d4562ff61df9adc2a82d9	谢灵运	云往风飞
7b587933367d4562c9876acd8d684b8d	谢灵运	挥手未几
7b587933367d4562c9876acd8d684b8d	谢灵运	钻燧推斥
7b587933367d4562c9876acd8d684b8d	谢灵运	青春屏辔
7b587933367d4562c9876acd8d684b8d	谢灵运	素秋系迹
7b587933367d4562c9876acd8d684b8d	谢灵运	媚彼时渔
7b587933367d4562c9876acd8d684b8d	谢灵运	恋此分拆
7b587933367d4562c9876acd8d684b8d	谢灵运	我劳行久
7b587933367d4562c9876acd8d684b8d	谢灵运	实获予戚
7b587933367d456233188a80d9d00754	谢灵运	昔在先道
7b587933367d456233188a80d9d00754	谢灵运	垂诰亨鲜
7b587933367d456233188a80d9d00754	谢灵运	亦曰于豹
7b587933367d456233188a80d9d00754	谢灵运	调和韦弦
7b587933367d456233188a80d9d00754	谢灵运	清静有默
7b587933367d456233188a80d9d00754	谢灵运	平正无偏
7b587933367d456233188a80d9d00754	谢灵运	钦隆令绩
7b587933367d456233188a80d9d00754	谢灵运	慰沃愿言
7b587933367d45627439c9fc902f8312	谢灵运	驽不逮骏
7b587933367d45627439c9fc902f8312	谢灵运	莸不间熏
7b587933367d45627439c9fc902f8312	谢灵运	三省朽质
7b587933367d45627439c9fc902f8312	谢灵运	再沾庆云
7b587933367d45627439c9fc902f8312	谢灵运	仰惭蓼萧
7b587933367d45627439c9fc902f8312	谢灵运	俯惕惟尘
7b587933367d45627439c9fc902f8312	谢灵运	将拭旧褐
7b587933367d45627439c9fc902f8312	谢灵运	朅来虚汾
7b587933367d45627439c9fc902f8312	谢灵运	畴咨亮款
7b587933367d45627439c9fc902f8312	谢灵运	敬告在文
7b587933367d45624b385dd5dad0d7b6	谢灵运	玉衡迅驾
7b587933367d45624b385dd5dad0d7b6	谢灵运	四节如飞
7b587933367d45624b385dd5dad0d7b6	谢灵运	急景西驰
7b587933367d45624b385dd5dad0d7b6	谢灵运	奔浪赴沂
7b587933367d45624b385dd5dad0d7b6	谢灵运	英华始玩
7b587933367d45624b385dd5dad0d7b6	谢灵运	落叶已稀
7b587933367d45624b385dd5dad0d7b6	谢灵运	惆怅衡皋
7b587933367d45624b385dd5dad0d7b6	谢灵运	心焉有违
7b587933367d4562398aa5ebe4162bd7	谢灵运	告离甫尔
7b587933367d4562398aa5ebe4162bd7	谢灵运	荏冉回周
7b587933367d4562398aa5ebe4162bd7	谢灵运	怀风感迁
7b587933367d4562398aa5ebe4162bd7	谢灵运	思我良畴
7b587933367d4562398aa5ebe4162bd7	谢灵运	岂其无人
7b587933367d4562398aa5ebe4162bd7	谢灵运	莫与好仇
7b587933367d4562398aa5ebe4162bd7	谢灵运	孰曰晏安
7b587933367d4562398aa5ebe4162bd7	谢灵运	神往形留
7b587933367d45627139f6c4a76ec0b3	谢灵运	感昔戎行
7b587933367d45627139f6c4a76ec0b3	谢灵运	远暨西垠
7b587933367d45627139f6c4a76ec0b3	谢灵运	黾勉于役
7b587933367d45627139f6c4a76ec0b3	谢灵运	不敢告勤
7b587933367d45627139f6c4a76ec0b3	谢灵运	尔亦同事
7b587933367d45627139f6c4a76ec0b3	谢灵运	契阔江濆
7b587933367d45627139f6c4a76ec0b3	谢灵运	庶同支离
7b587933367d45627139f6c4a76ec0b3	谢灵运	攘臂解纷
7b587933367d45621a81e000e143f2e9	谢灵运	鸣鹄在阴
7b587933367d45621a81e000e143f2e9	谢灵运	自幽必显
7b587933367d45621a81e000e143f2e9	谢灵运	既曰有声
7b587933367d45621a81e000e143f2e9	谢灵运	因风易演
7b587933367d45621a81e000e143f2e9	谢灵运	逶迤云阁
7b587933367d45621a81e000e143f2e9	谢灵运	司帝之典
7b587933367d45621a81e000e143f2e9	谢灵运	蔚彼遗藉
7b587933367d45621a81e000e143f2e9	谢灵运	如莹如洗
7b587933367d456245a1d097b93626c8	谢灵运	齐仲善交
7b587933367d456245a1d097b93626c8	谢灵运	在久弥敬
7b587933367d456245a1d097b93626c8	谢灵运	自我之遘
7b587933367d456245a1d097b93626c8	谢灵运	一遇而定
7b587933367d456245a1d097b93626c8	谢灵运	于穆谢生
7b587933367d456245a1d097b93626c8	谢灵运	以和缮性
7b587933367d456245a1d097b93626c8	谢灵运	有言属耳
7b587933367d456245a1d097b93626c8	谢灵运	有文在咏
7b587933367d4562347c2ccffb86e26e	谢灵运	寡弱多幸
7b587933367d4562347c2ccffb86e26e	谢灵运	逢兹道泰
7b587933367d4562347c2ccffb86e26e	谢灵运	荷荣西荒
7b587933367d4562347c2ccffb86e26e	谢灵运	晏然解带
7b587933367d4562347c2ccffb86e26e	谢灵运	剪削前识
7b587933367d4562347c2ccffb86e26e	谢灵运	任此天籁
7b587933367d4562347c2ccffb86e26e	谢灵运	人对遇矣
7b587933367d4562347c2ccffb86e26e	谢灵运	何惧何害
7b587933367d456219bc00cd0c0d628d	谢灵运	掻首北眷
7b587933367d456219bc00cd0c0d628d	谢灵运	清对未从
7b587933367d456219bc00cd0c0d628d	谢灵运	瞻云累叹
7b587933367d456219bc00cd0c0d628d	谢灵运	思
7b587933367d456219bc00cd0c0d628d	谢灵运	御风
7b587933367d456219bc00cd0c0d628d	谢灵运	良愿易违
7b587933367d456219bc00cd0c0d628d	谢灵运	嘉乐难逢
7b587933367d456219bc00cd0c0d628d	谢灵运	微我无衣
7b587933367d456219bc00cd0c0d628d	谢灵运	温凉谁同
7b587933367d4562d07c24d5800f537a	谢灵运	古人善身
7b587933367d4562d07c24d5800f537a	谢灵运	实畏斯名
7b587933367d4562d07c24d5800f537a	谢灵运	缘督何贵
7b587933367d4562d07c24d5800f537a	谢灵运	卷耀藏馨
7b587933367d4562d07c24d5800f537a	谢灵运	九言之赠
7b587933367d4562d07c24d5800f537a	谢灵运	实由未冥
7b587933367d4562d07c24d5800f537a	谢灵运	片音或重
7b587933367d4562d07c24d5800f537a	谢灵运	玙璠可轻
7b58793341234918c4e182d5a6bc3b67	萧绎	【其一】
7b58793341234918c4e182d5a6bc3b67	萧绎	【其二】
7b58793341234918c4e182d5a6bc3b67	萧绎	【其三】
7b58793341234918c4e182d5a6bc3b67	萧绎	【其四】
7b58793341234918c4e182d5a6bc3b67	萧绎	【其五】
7b58793341234918c4e182d5a6bc3b67	萧绎	【其六】
7b58793341234918be45fbf4ee1a4e8e	萧绎	【其一】
7b58793341234918be45fbf4ee1a4e8e	萧绎	【其二】
7b58793341234918fa52dfa383a8c996	萧绎	其一
7b58793341234918fa52dfa383a8c996	萧绎	其二
7b58793341234918fa52dfa383a8c996	萧绎	其三
7b58793341234918fa52dfa383a8c996	萧绎	其四
7b587933471e9d47dc2ead3737734ac5	颜延之	【阮步兵】
7b587933471e9d47dc2ead3737734ac5	颜延之	【嵇中散】
7b587933471e9d47dc2ead3737734ac5	颜延之	【刘参军】
7b587933471e9d47dc2ead3737734ac5	颜延之	【阮始平】
7b587933471e9d47dc2ead3737734ac5	颜延之	【向常侍】
7b5879334ff17f840ea58ee13cb8657c	萧统	既同摽梅英散
7b5879334ff17f840ea58ee13cb8657c	萧统	复似太谷花飞
7b5879334ff17f840ea58ee13cb8657c	萧统	密如公超所起
7b5879334ff17f840ea58ee13cb8657c	萧统	皓如渊客所挥
7b5879334ff17f840ea58ee13cb8657c	萧统	无羡昆岩列素
7b5879334ff17f840ea58ee13cb8657c	萧统	岂匹振鹭群归
7b5879337fe0875dff85a5459ed9361d	沈约	望秋月
7b5879337fe0875dff85a5459ed9361d	沈约	湛秀质兮似规
7b5879337fe0875dff85a5459ed9361d	沈约	委清光兮如素
7b5879337fe0875dff85a5459ed9361d	沈约	照愁轩之蓬影
7b5879337fe0875dff85a5459ed9361d	沈约	映金阶之轻步
7b5879337fe0875dff85a5459ed9361d	沈约	经衰圃
7b5879337fe0875dff85a5459ed9361d	沈约	映寒丛
7b5879337fe0875dff85a5459ed9361d	沈约	凝清夜
7b5879337fe0875dff85a5459ed9361d	沈约	带秋风
7b5879337fe0875dff85a5459ed9361d	沈约	随庭雪以偕素
7b5879337fe0875dff85a5459ed9361d	沈约	与池荷而共红
7b5879337fe0875dff85a5459ed9361d	沈约	临玉墀之皎皎
7b5879337fe0875dff85a5459ed9361d	沈约	含霜霭之蒙蒙
7b5879337fe0875dff85a5459ed9361d	沈约	𨏼天衢而徙度
7b5879337fe0875dff85a5459ed9361d	沈约	轹长汉而飞空
7b5879337fe0875dff85a5459ed9361d	沈约	隐岩崖而半出
7b5879337fe0875dff85a5459ed9361d	沈约	隔帷幌而才通
7b5879337fe0875dff85a5459ed9361d	沈约	散朱庭之奕奕
7b5879337fe0875dff85a5459ed9361d	沈约	入青琐而玲珑
7b5879337fe0875d0310f4f0d106cd5a	沈约	临春风
7b5879337fe0875d0310f4f0d106cd5a	沈约	扬桂旆
7b5879337fe0875d0310f4f0d106cd5a	沈约	动芝盖
7b5879337fe0875d0310f4f0d106cd5a	沈约	开燕裾
7b5879337fe0875d0310f4f0d106cd5a	沈约	吹赵带
7b5879337fe0875d0310f4f0d106cd5a	沈约	摇绿蒂
7b5879337fe0875d0310f4f0d106cd5a	沈约	抗紫茎
7b5879337fe0875d0310f4f0d106cd5a	沈约	舞春雪
7b5879337fe0875d0310f4f0d106cd5a	沈约	杂流莺
7b5879337fe0875d0310f4f0d106cd5a	沈约	梧台未阴
7b5879337fe0875d0310f4f0d106cd5a	沈约	淇川始碧
7b5879337fe0875d0310f4f0d106cd5a	沈约	迎行雨于高唐
7b5879337fe0875d0310f4f0d106cd5a	沈约	送归鸿于碣石
7b5879337fe0875d0310f4f0d106cd5a	沈约	经洞房
7b5879337fe0875d0310f4f0d106cd5a	沈约	响纨素
7b5879337fe0875d0310f4f0d106cd5a	沈约	感幽闺
7b5879337fe0875d0310f4f0d106cd5a	沈约	思帏帟
7b5879337fe0875d0310f4f0d106cd5a	沈约	拂明镜之冬尘
7b5879337fe0875d0310f4f0d106cd5a	沈约	解罗衣之秋襞
7b5879337fe0875d0310f4f0d106cd5a	沈约	既铿锵以动佩
7b5879337fe0875d0310f4f0d106cd5a	沈约	又絪缊而流射
7b5879337fe0875d0310f4f0d106cd5a	沈约	始摇荡以入闺
7b5879337fe0875d0310f4f0d106cd5a	沈约	终徘徊而缘隙
7b5879337fe0875d0310f4f0d106cd5a	沈约	鸣珠帘于绣户
7b5879337fe0875d0310f4f0d106cd5a	沈约	散芳尘于绮席
7b5879337fe0875d597732ba5cb31cac	沈约	愍衰草
7b5879337fe0875d597732ba5cb31cac	沈约	布绵密于寒皋
7b5879337fe0875d597732ba5cb31cac	沈约	吐纤疏于危石
7b5879337fe0875d597732ba5cb31cac	沈约	既惆怅于君子
7b5879337fe0875d597732ba5cb31cac	沈约	倍伤心于行役
7b5879337fe0875d597732ba5cb31cac	沈约	露缟枝于初旦
7b5879337fe0875d597732ba5cb31cac	沈约	霜红天于始夕
7b5879337fe0875d597732ba5cb31cac	沈约	凋芳卉之九衢
7b5879337fe0875d597732ba5cb31cac	沈约	霣灵茅之三脊
7b5879337fe0875dd2e3c17a360bf61f	沈约	悲落桐
7b5879337fe0875dc0678e614e8c3504	沈约	闻夜鹤
7b5879337fe0875dc0678e614e8c3504	沈约	伊吾人之菲薄
7b5879337fe0875dc0678e614e8c3504	沈约	无赋命之天爵
7b5879337fe0875dc0678e614e8c3504	沈约	抱跼促之短怀
7b5879337fe0875dc0678e614e8c3504	沈约	随冬春而哀乐
7b5879337fe0875dc0678e614e8c3504	沈约	懿海上之惊凫
7b5879337fe0875dc0678e614e8c3504	沈约	伤云间之离鹤
7b5879337fe0875d4fdbb5114022b3e0	沈约	听晓鸿
7b5879337fe0875d4fdbb5114022b3e0	沈约	跨弱水之微澜
7b5879337fe0875d4fdbb5114022b3e0	沈约	发成山之远岸
7b5879337fe0875d4fdbb5114022b3e0	沈约	怵春归之未几
7b5879337fe0875d4fdbb5114022b3e0	沈约	惊此岁之云半
7b5879337fe0875d4fdbb5114022b3e0	沈约	出海涨之苍茫
7b5879337fe0875d4fdbb5114022b3e0	沈约	入云途之弥漫
7b5879337fe0875d4fdbb5114022b3e0	沈约	无东西之可辨
7b5879337fe0875d4fdbb5114022b3e0	沈约	孰遐迩之能算
7b5879337fe0875d4fdbb5114022b3e0	沈约	微昔见于洲渚
7b5879337fe0875d4fdbb5114022b3e0	沈约	赴秋期于江汉
7b5879337fe0875d4fdbb5114022b3e0	沈约	集劲风于弱躯
7b5879337fe0875d4fdbb5114022b3e0	沈约	负重雪于轻翰
7b5879337fe0875d4fdbb5114022b3e0	沈约	秋蓬飞兮未极
7b5879337fe0875d4fdbb5114022b3e0	沈约	塞草寒兮无色
7b5879337fe0875d4fdbb5114022b3e0	沈约	吴山高兮高度
7b5879337fe0875d4fdbb5114022b3e0	沈约	羡明月之驰光
7b5879337fe0875d4fdbb5114022b3e0	沈约	顾征禽之驶翼
7b5879337fe0875d4fdbb5114022b3e0	沈约	知吾行之未极
7b5879337fe0875d4fdbb5114022b3e0	沈约	夜绵绵而难晓
7b5879337fe0875d4fdbb5114022b3e0	沈约	愁参差而盈臆
7b5879337fe0875d4fdbb5114022b3e0	沈约	望山川悉无似
7b5879337fe0875d4fdbb5114022b3e0	沈约	惟星河犹可识
7b5879337fe0875d605d7c59cad7ec65	沈约	去朝市
7b5879337fe0875d605d7c59cad7ec65	沈约	辞北缨而南徂
7b5879337fe0875d605d7c59cad7ec65	沈约	浮东川而西顾
7b5879337fe0875d605d7c59cad7ec65	沈约	逢天地之降祥
7b5879337fe0875d605d7c59cad7ec65	沈约	值日月之重光
7b5879337fe0875d605d7c59cad7ec65	沈约	当伊仁之菲薄
7b5879337fe0875d605d7c59cad7ec65	沈约	非余情之信芳
7b5879337fe0875d605d7c59cad7ec65	沈约	充待诏于金马
7b5879337fe0875d605d7c59cad7ec65	沈约	奉高宴于柏梁
7b5879337fe0875d605d7c59cad7ec65	沈约	观斗兽于虎圈
7b5879337fe0875d605d7c59cad7ec65	沈约	望窈窕于披香
7b5879337fe0875d605d7c59cad7ec65	沈约	忝稽郡之南尉
7b5879337fe0875d605d7c59cad7ec65	沈约	典千里之光贵
7b5879337fe0875d605d7c59cad7ec65	沈约	别北芒于浊河
7b5879337fe0875d605d7c59cad7ec65	沈约	恋横桥于清渭
7b5879337fe0875d605d7c59cad7ec65	沈约	望前轩之早桐
7b5879337fe0875d605d7c59cad7ec65	沈约	对南阶之初卉
7b5879337fe0875d605d7c59cad7ec65	沈约	非余情之屡伤
7b5879337fe0875d605d7c59cad7ec65	沈约	寄兹焉兮能慰
7b5879337fe0875d605d7c59cad7ec65	沈约	眷昔日兮怀哉
7b5879337fe0875d2f6a8e4d15070068	沈约	守山东
7b5879337fe0875d2f6a8e4d15070068	沈约	欻暮年而此逢
7b5879337fe0875d2f6a8e4d15070068	沈约	欲一去而不还
7b5879337fe0875d2f6a8e4d15070068	沈约	怅邹衣之未褫
7b5879337fe0875d2f6a8e4d15070068	沈约	揖林壑之清旷
7b5879337fe0875d2f6a8e4d15070068	沈约	事氓俗之纷诡
7b5879337fe0875d2f6a8e4d15070068	沈约	幸帝德之方升
7b5879337fe0875d2f6a8e4d15070068	沈约	值天纲之未毁
7b5879337fe0875d2f6a8e4d15070068	沈约	既除旧而布新
7b5879337fe0875d2f6a8e4d15070068	沈约	故化民而俗徙
7b5879337fe0875d2f6a8e4d15070068	沈约	播赵俗以南徂
7b5879337fe0875d2f6a8e4d15070068	沈约	扇齐风以东靡
7b5879337fe0875d6c2fd78b4f2410da	沈约	白云起
7b5879337fe0875d6c2fd78b4f2410da	沈约	郁披香
7b5879337fe0875d6c2fd78b4f2410da	沈约	离复合
7b5879337fe0875d6c2fd78b4f2410da	沈约	曲未央
7b5879337fe0875d485eaca484f31ee0	沈约	遏归风
7b5879337fe0875d485eaca484f31ee0	沈约	止流月
7b5879337fe0875d485eaca484f31ee0	沈约	寿万春
7b5879337fe0875d485eaca484f31ee0	沈约	欢无歇
7b5879337fe0875dfa9492aa7aed6cc2	沈约	心自知
7b5879337fe0875dfa9492aa7aed6cc2	沈约	人不见
7b5879337fe0875dfa9492aa7aed6cc2	沈约	动罗裙
7b5879337fe0875dfa9492aa7aed6cc2	沈约	拂珠殿
7b5879337fe0875da48a15a602adb782	沈约	常不息
7b5879337fe0875da48a15a602adb782	沈约	梦来游
7b5879337fe0875da48a15a602adb782	沈约	极万世
7b5879337fe0875da48a15a602adb782	沈约	度千秋
7b58793384adb4ebffbfcdc59c4e8f8f	陈叔宝	【其一】
7b58793384adb4ebffbfcdc59c4e8f8f	陈叔宝	独酌谣
7b58793384adb4ebffbfcdc59c4e8f8f	陈叔宝	【其二】
7b58793384adb4ebffbfcdc59c4e8f8f	陈叔宝	独酌谣
7b58793384adb4ebffbfcdc59c4e8f8f	陈叔宝	【其三】
7b58793384adb4ebffbfcdc59c4e8f8f	陈叔宝	独酌谣
7b58793384adb4ebffbfcdc59c4e8f8f	陈叔宝	【其四】
7b58793384adb4ebffbfcdc59c4e8f8f	陈叔宝	独酌谣
7b58793384adb4ebc940beda312ebff0	陈叔宝	【其一】
7b58793384adb4ebc940beda312ebff0	陈叔宝	【其二】
7b58793384adb4ebc940beda312ebff0	陈叔宝	【其三】
7b5879338b029cfe6fc2b037097046ba	谢晦	悲人道兮
7b5879338b029cfe6fc2b037097046ba	谢晦	悲人道之实难
7b5879338b029cfe6fc2b037097046ba	谢晦	哀人道之多险
7b5879338b029cfe6fc2b037097046ba	谢晦	伤人道之寡安
7b5879338b029cfe6fc2b037097046ba	谢晦	懿华宗之冠胄
7b5879338b029cfe6fc2b037097046ba	谢晦	固清流而远源
7b5879338b029cfe6fc2b037097046ba	谢晦	树文德于庭户
7b5879338b029cfe6fc2b037097046ba	谢晦	立操学于衡门
7b5879338b029cfe6fc2b037097046ba	谢晦	应积善之馀祐
7b5879338b029cfe6fc2b037097046ba	谢晦	当履福之所延
7b5879338b029cfe6fc2b037097046ba	谢晦	何小子之凶放
7b5879338b029cfe6fc2b037097046ba	谢晦	实招祸而作愆
7b5879338b029cfe6fc2b037097046ba	谢晦	值革变之大运
7b5879338b029cfe6fc2b037097046ba	谢晦	遭一顾于圣皇
7b5879338b029cfe6fc2b037097046ba	谢晦	参谋猷于刱物
7b5879338b029cfe6fc2b037097046ba	谢晦	赞帝制于宏纲
7b5879338b029cfe6fc2b037097046ba	谢晦	出治戎于禁卫
7b5879338b029cfe6fc2b037097046ba	谢晦	入关言于帷房
7b5879338b029cfe6fc2b037097046ba	谢晦	分河山之圭组
7b5879338b029cfe6fc2b037097046ba	谢晦	继文武之龟章
7b5879338b029cfe6fc2b037097046ba	谢晦	禀顾命于西殿
7b5879338b029cfe6fc2b037097046ba	谢晦	受遗寄于御床
7b5879338b029cfe6fc2b037097046ba	谢晦	伊懦劣其无节
7b5879338b029cfe6fc2b037097046ba	谢晦	实怀此而不忘
7b5879338b029cfe6fc2b037097046ba	谢晦	荷隆遇于先主
7b5879338b029cfe6fc2b037097046ba	谢晦	欲报之于后王
7b5879338b029cfe6fc2b037097046ba	谢晦	忧托付之无效
7b5879338b029cfe6fc2b037097046ba	谢晦	惧愧言于存亡
7b5879338b029cfe6fc2b037097046ba	谢晦	谓继体其嗣业
7b5879338b029cfe6fc2b037097046ba	谢晦	能增辉于前光
7b5879338b029cfe6fc2b037097046ba	谢晦	居遏密之未几
7b5879338b029cfe6fc2b037097046ba	谢晦	越礼度而湎荒
7b5879338b029cfe6fc2b037097046ba	谢晦	普天壤而殒气
7b5879338b029cfe6fc2b037097046ba	谢晦	必社稷之沦丧
7b5879338b029cfe6fc2b037097046ba	谢晦	矧吾侪之体国
7b5879338b029cfe6fc2b037097046ba	谢晦	实启处而匪遑
7b5879338b029cfe6fc2b037097046ba	谢晦	藉亿兆之一志
7b5879338b029cfe6fc2b037097046ba	谢晦	固昏极而明彰
7b5879338b029cfe6fc2b037097046ba	谢晦	谅主尊而民晏
7b5879338b029cfe6fc2b037097046ba	谢晦	信卜祚之无疆
7b5879338b029cfe6fc2b037097046ba	谢晦	国既危而重构
7b5879338b029cfe6fc2b037097046ba	谢晦	家已衰而载昌
7b5879338b029cfe6fc2b037097046ba	谢晦	获扶顾而休否
7b5879338b029cfe6fc2b037097046ba	谢晦	冀世道之方康
7b5879338b029cfe6fc2b037097046ba	谢晦	朝褒功以疏爵
7b5879338b029cfe6fc2b037097046ba	谢晦	祗命服于西蕃
7b5879338b029cfe6fc2b037097046ba	谢晦	奏箫管之嘈囋
7b5879338b029cfe6fc2b037097046ba	谢晦	拥朱旄之赫煌
7b5879338b029cfe6fc2b037097046ba	谢晦	临八方以作镇
7b5879338b029cfe6fc2b037097046ba	谢晦	响文武之桓桓
7b5879338b029cfe6fc2b037097046ba	谢晦	厉薄弱以为政
7b5879338b029cfe6fc2b037097046ba	谢晦	实忘食于日旰
7b5879338b029cfe6fc2b037097046ba	谢晦	岂申甫之敢慕
7b5879338b029cfe6fc2b037097046ba	谢晦	庶惟宋之屏翰
7b5879338b029cfe6fc2b037097046ba	谢晦	甫逾历其三稔
7b5879338b029cfe6fc2b037097046ba	谢晦	实周回其未再
7b5879338b029cfe6fc2b037097046ba	谢晦	岂有虑于内囗囗囗囗其云裁
7b5879338b029cfe6fc2b037097046ba	谢晦	痛夹辅之二宰
7b5879338b029cfe6fc2b037097046ba	谢晦	并加辟而靡贷
7b5879338b029cfe6fc2b037097046ba	谢晦	哀弱息之从祸
7b5879338b029cfe6fc2b037097046ba	谢晦	悲发中而心痗
7b5879338b029cfe6fc2b037097046ba	谢晦	伊荆汉之良彦
7b5879338b029cfe6fc2b037097046ba	谢晦	逮文武之子民
7b5879338b029cfe6fc2b037097046ba	谢晦	见忠贞而弗亮
7b5879338b029cfe6fc2b037097046ba	谢晦	睹理屈而莫申
7b5879338b029cfe6fc2b037097046ba	谢晦	皆义概而同愤
7b5879338b029cfe6fc2b037097046ba	谢晦	咸荷戈而竞臻
7b5879338b029cfe6fc2b037097046ba	谢晦	浮舳舻之弈弈
7b5879338b029cfe6fc2b037097046ba	谢晦	陈车骑之辚辚
7b5879338b029cfe6fc2b037097046ba	谢晦	观人和与师整
7b5879338b029cfe6fc2b037097046ba	谢晦	谓兹兵其谁陈
7b5879338b029cfe6fc2b037097046ba	谢晦	庶亡魂之雪怨
7b5879338b029cfe6fc2b037097046ba	谢晦	反泾
7b5879338b029cfe6fc2b037097046ba	谢晦	渭于彝伦
7b5879338b029cfe6fc2b037097046ba	谢晦	齐轻舟于江曲
7b5879338b029cfe6fc2b037097046ba	谢晦	殄锐敌其皆湮
7b5879338b029cfe6fc2b037097046ba	谢晦	勒陆徒于白水
7b5879338b029cfe6fc2b037097046ba	谢晦	寇无反于只轮
7b5879338b029cfe6fc2b037097046ba	谢晦	气有捷而益壮
7b5879338b029cfe6fc2b037097046ba	谢晦	威既肃而弥振
7b5879338b029cfe6fc2b037097046ba	谢晦	嗟时哉之不与
7b5879338b029cfe6fc2b037097046ba	谢晦	迕风雨以逾旬
7b5879338b029cfe6fc2b037097046ba	谢晦	我谋战而不克
7b5879338b029cfe6fc2b037097046ba	谢晦	彼继奔其蹑尘
7b5879338b029cfe6fc2b037097046ba	谢晦	乏智勇之奇正
7b5879338b029cfe6fc2b037097046ba	谢晦	忽孟明而是遵
7b5879338b029cfe6fc2b037097046ba	谢晦	苟成败其有数
7b5879338b029cfe6fc2b037097046ba	谢晦	岂怨天而尤人
7b5879338b029cfe6fc2b037097046ba	谢晦	恨矢石之未竭
7b5879338b029cfe6fc2b037097046ba	谢晦	遂摧师而覆陈
7b5879338b029cfe6fc2b037097046ba	谢晦	诚得丧之所遭
7b5879338b029cfe6fc2b037097046ba	谢晦	固当之其无吝
7b5879338b029cfe6fc2b037097046ba	谢晦	痛同怀之弱子
7b5879338b029cfe6fc2b037097046ba	谢晦	横遭罹之殃衅
7b5879338b029cfe6fc2b037097046ba	谢晦	智未穷而事倾
7b5879338b029cfe6fc2b037097046ba	谢晦	力未极而莫振
7b5879338b029cfe6fc2b037097046ba	谢晦	誓同尽于锋镝
7b5879338b029cfe6fc2b037097046ba	谢晦	我怯力而愆信
7b5879338b029cfe6fc2b037097046ba	谢晦	悯弟侄之何辜
7b5879338b029cfe6fc2b037097046ba	谢晦	实吾咎之所婴
7b5879338b029cfe6fc2b037097046ba	谢晦	谓九夷其可处
7b5879338b029cfe6fc2b037097046ba	谢晦	思致免以全生
7b5879338b029cfe6fc2b037097046ba	谢晦	嗟性命之难遂
7b5879338b029cfe6fc2b037097046ba	谢晦	乃窘绁于边亭
7b5879338b029cfe6fc2b037097046ba	谢晦	亦何忤于天地
7b5879338b029cfe6fc2b037097046ba	谢晦	备艰危而是丁
7b5879338b029cfe6fc2b037097046ba	谢晦	我闻之于昔诰
7b5879338b029cfe6fc2b037097046ba	谢晦	功弥高而身蹙
7b5879338b029cfe6fc2b037097046ba	谢晦	霍芒刺而幸免
7b5879338b029cfe6fc2b037097046ba	谢晦	卒倾宗而灭族
7b5879338b029cfe6fc2b037097046ba	谢晦	周叹贵于狱吏
7b5879338b029cfe6fc2b037097046ba	谢晦	终下蕃而靡鞠
7b5879338b029cfe6fc2b037097046ba	谢晦	虽明德之大贤
7b5879338b029cfe6fc2b037097046ba	谢晦	亦不免于残戮
7b5879338b029cfe6fc2b037097046ba	谢晦	怀今惮而忍人
7b5879338b029cfe6fc2b037097046ba	谢晦	忘向惠而莫复
7b5879338b029cfe6fc2b037097046ba	谢晦	绩无赏而震主
7b5879338b029cfe6fc2b037097046ba	谢晦	将何方以自牧
7b5879338b029cfe6fc2b037097046ba	谢晦	非砏石之圜照
7b5879338b029cfe6fc2b037097046ba	谢晦	孰违祸以取福
7b5879338b029cfe6fc2b037097046ba	谢晦	著殷鉴于自古
7b5879338b029cfe6fc2b037097046ba	谢晦	岂独叹于季叔
7b5879338b029cfe6fc2b037097046ba	谢晦	能安亲而扬名
7b5879338b029cfe6fc2b037097046ba	谢晦	谅见称于先哲
7b5879338b029cfe6fc2b037097046ba	谢晦	保归全而终孝
7b5879338b029cfe6fc2b037097046ba	谢晦	伤在余而皆缺
7b5879338b029cfe6fc2b037097046ba	谢晦	辱历世之平素
7b5879338b029cfe6fc2b037097046ba	谢晦	忽盛满而倾灭
7b5879338b029cfe6fc2b037097046ba	谢晦	惟烝尝与洒扫
7b5879338b029cfe6fc2b037097046ba	谢晦	痛一朝而永绝
7b5879338b029cfe6fc2b037097046ba	谢晦	问其谁而为之
7b5879338b029cfe6fc2b037097046ba	谢晦	实孤人之险戾
7b5879338b029cfe6fc2b037097046ba	谢晦	罪有逾于丘山
7b5879338b029cfe6fc2b037097046ba	谢晦	虽万死其何雪
7b5879338b029cfe6fc2b037097046ba	谢晦	羁角偃兮衡闾
7b5879338b029cfe6fc2b037097046ba	谢晦	亲朋交兮平义
7b5879338b029cfe6fc2b037097046ba	谢晦	虽履尚兮不一
7b5879338b029cfe6fc2b037097046ba	谢晦	隆分好兮情寄
7b5879338b029cfe6fc2b037097046ba	谢晦	俱惮耕兮从禄
7b5879338b029cfe6fc2b037097046ba	谢晦	睹世道兮艰诐
7b5879338b029cfe6fc2b037097046ba	谢晦	规志局兮功名
7b5879338b029cfe6fc2b037097046ba	谢晦	每谓之兮为易
7b5879338b029cfe6fc2b037097046ba	谢晦	今定谥兮阖棺
7b5879338b029cfe6fc2b037097046ba	谢晦	惭明智兮昔议
7b5879338b029cfe6fc2b037097046ba	谢晦	虽待尽兮为耻
7b5879338b029cfe6fc2b037097046ba	谢晦	嗟厚颜兮靡置
7b5879338b029cfe6fc2b037097046ba	谢晦	世安彼兮非此
7b5879338b029cfe6fc2b037097046ba	谢晦	岂晓分兮辨惑
7b5879338b029cfe6fc2b037097046ba	谢晦	御庄生之达言
7b5879338b029cfe6fc2b037097046ba	谢晦	请承风以为则
7b5879338b0887787ce78d041774cb66	徐陵	【其一】
7b5879338b0887787ce78d041774cb66	徐陵	【其二】
7b5879338b0887783baa1c9712a43960	徐陵	【其一】
7b5879338b0887783baa1c9712a43960	徐陵	【其二】
7b58793395c859c460b9e37a9d7390c5	吴迈远	宋玉歌《阳春》
7b5879339a2e60bbf52faf16ccd2591a	汤惠休	【其一】
7b5879339a2e60bbf52faf16ccd2591a	汤惠休	【其二】
7b5879339a2e60bbf52faf16ccd2591a	汤惠休	【其三】
7b5879339a2e60bbfc988f50e722174e	汤惠休	【其一】
7b5879339a2e60bbfc988f50e722174e	汤惠休	【其二】
7b5879339a2e60bbfc988f50e722174e	汤惠休	【其三】
7b5879339a2e60bb4181d9e56db8bfc3	汤惠休	琼台彩楹
7b5879339a2e60bb4181d9e56db8bfc3	汤惠休	桂寝雕甍
7b5879339a2e60bb4181d9e56db8bfc3	汤惠休	金闺流耀
7b5879339a2e60bb4181d9e56db8bfc3	汤惠休	玉牖含英
7b5879339a2e60bb4181d9e56db8bfc3	汤惠休	香芬幽蔼
7b5879339a2e60bb4181d9e56db8bfc3	汤惠休	珠彩珍荣
7b5879339a2e60bb4181d9e56db8bfc3	汤惠休	文罗秋翠
7b5879339a2e60bb4181d9e56db8bfc3	汤惠休	纨绮春轻
7b5879339a2e60bb4181d9e56db8bfc3	汤惠休	骖驾鸾鹤
7b5879339a2e60bb4181d9e56db8bfc3	汤惠休	往来仙灵
7b5879339a2e60bb4181d9e56db8bfc3	汤惠休	含姿绵视
7b5879339a2e60bb4181d9e56db8bfc3	汤惠休	微笑相迎
7b5879339a2e60bb4181d9e56db8bfc3	汤惠休	结兰枝
7b5879339a2e60bb4181d9e56db8bfc3	汤惠休	送目成
7b587933a490580374dec5adf25ff798	江总	【其一】
7b587933a490580374dec5adf25ff798	江总	【其二】
7b587933a490580394149db78bb67abc	江总	【其一】
7b587933a490580394149db78bb67abc	江总	【其二】
7b587933afc3df74d2a75161d486a6de	刘令娴	【其一】
7b587933afc3df74d2a75161d486a6de	刘令娴	【其二】
7b587933ba876fafa02eca788f9f0267	陆厥	木叶下
7b587933ba876fafa02eca788f9f0267	陆厥	江波连
7b587933caff75307617e4d31c84eb45	萧综	悲落叶
7b587933caff75307617e4d31c84eb45	萧综	乱春日
7b587933caff75307617e4d31c84eb45	萧综	起春风
7b587933caff75307617e4d31c84eb45	萧综	悲落叶
7b587933caff7530a28caa44fa545542	萧综	惊客思
7b587933caff7530a28caa44fa545542	萧综	动客情
7b587933caff7530a28caa44fa545542	萧综	气郁结
7b587933caff7530a28caa44fa545542	萧综	涕滂沱
7b587933d6059db7d8c8d8b917f446fa	吴均	【其一·陌上桑】
7b587933d6059db7d8c8d8b917f446fa	吴均	【其二·秦王卷衣】
7b587933d6059db7d8c8d8b917f446fa	吴均	【其三·采莲曲】
7b587933d6059db7d8c8d8b917f446fa	吴均	【其四·携手曲】
7b587933d6059db765321c0b01c7371c	吴均	【其一】
7b587933d6059db765321c0b01c7371c	吴均	【其二】
7b587933dafe0f9b58a800bed115d8cf	江淹	【古离别】
7b587933dafe0f9b58a800bed115d8cf	江淹	不及其琼树枝
7b587933dafe0f9b58a800bed115d8cf	江淹	【李都尉陵从军】
7b587933dafe0f9b58a800bed115d8cf	江淹	踟蹰在亲神女
7b587933dafe0f9b58a800bed115d8cf	江淹	【班婕妤咏扇】
7b587933dafe0f9b58a800bed115d8cf	江淹	【魏文帝曹丕游宴】
7b587933dafe0f9b58a800bed115d8cf	江淹	【陈思王曹植赠友】
7b587933dafe0f9b58a800bed115d8cf	江淹	【刘文学桢感怀】
7b587933dafe0f9b58a800bed115d8cf	江淹	【王侍中粲怀德】
7b587933dafe0f9b58a800bed115d8cf	江淹	【嵇中散康言志】
7b587933dafe0f9b58a800bed115d8cf	江淹	【阮步兵籍咏怀】
7b587933dafe0f9b58a800bed115d8cf	江淹	【张司空华离情】
7b587933dafe0f9b58a800bed115d8cf	江淹	【潘黄门岳述哀】
7b587933dafe0f9b58a800bed115d8cf	江淹	【陆平原机羁宦】
7b587933dafe0f9b58a800bed115d8cf	江淹	【左记室思咏史】
7b587933dafe0f9b58a800bed115d8cf	江淹	【张黄门协苦雨】
7b587933dafe0f9b58a800bed115d8cf	江淹	【刘太尉琨伤乱】
7b587933dafe0f9b58a800bed115d8cf	江淹	【卢郎中谌感交】
7b587933dafe0f9b58a800bed115d8cf	江淹	【郭弘农璞游仙】
7b587933dafe0f9b58a800bed115d8cf	江淹	【孙廷尉绰杂述】
7b587933dafe0f9b58a800bed115d8cf	江淹	思乘扶接受翰
7b587933dafe0f9b58a800bed115d8cf	江淹	【许征君询自叙】
7b587933dafe0f9b58a800bed115d8cf	江淹	【殷东阳仲文兴瞩】
7b587933dafe0f9b58a800bed115d8cf	江淹	【谢仆射混游览】
7b587933dafe0f9b58a800bed115d8cf	江淹	【陶征君潜田居】
7b587933dafe0f9b58a800bed115d8cf	江淹	路闇光已夕归人望烟火
7b587933dafe0f9b58a800bed115d8cf	江淹	【谢临川灵运游山】
7b587933dafe0f9b58a800bed115d8cf	江淹	朝见鼯鼯鼠逝
7b587933dafe0f9b58a800bed115d8cf	江淹	幸游建德乡观奇经禹穴
7b587933dafe0f9b58a800bed115d8cf	江淹	【颜特进延之侍宴】
7b587933dafe0f9b58a800bed115d8cf	江淹	【谢法曹惠连赠别】
7b587933dafe0f9b58a800bed115d8cf	江淹	【王征君微养疾】
7b587933dafe0f9b58a800bed115d8cf	江淹	【袁太尉淑从驾】
7b587933dafe0f9b58a800bed115d8cf	江淹	恭洁由明祀肃驾在祈年
7b587933dafe0f9b58a800bed115d8cf	江淹	【谢光禄庄郊游】
7b587933dafe0f9b58a800bed115d8cf	江淹	【鲍参军昭戎行】
7b587933dafe0f9b58a800bed115d8cf	江淹	【休上人怨别】
7b587933dafe0f9b041e5c89d44a84ec	江淹	绝世独立兮报君子之一顾
7b587933dafe0f9bc5297ea6aff3e62b	江淹	【其一】
7b587933dafe0f9bc5297ea6aff3e62b	江淹	【其二】
7b587933dafe0f9bc5297ea6aff3e62b	江淹	【其三】
7b587933dafe0f9bc5297ea6aff3e62b	江淹	【其四】
7b587933dafe0f9bc5297ea6aff3e62b	江淹	【其五】
7b587933dafe0f9bc5297ea6aff3e62b	江淹	【其六】
7b587933dafe0f9bc5297ea6aff3e62b	江淹	【其七】
7b587933dafe0f9bc5297ea6aff3e62b	江淹	【其八】
7b587933dafe0f9bc5297ea6aff3e62b	江淹	【其九】
7b587933dafe0f9bc5297ea6aff3e62b	江淹	【其十】
7b587933dafe0f9bc5297ea6aff3e62b	江淹	【其十一】
7b587933dafe0f9bc5297ea6aff3e62b	江淹	【其十二】
7b587933dafe0f9bc5297ea6aff3e62b	江淹	【其十三】
7b587933dafe0f9bc5297ea6aff3e62b	江淹	【其十四】
7b587933dafe0f9bc5297ea6aff3e62b	江淹	【其十五】
7b587933dafe0f9ba172eb5622f58e05	江淹	【其一
7b587933dafe0f9ba172eb5622f58e05	江淹	·
7b587933dafe0f9ba172eb5622f58e05	江淹	构象台】
7b587933dafe0f9ba172eb5622f58e05	江淹	立孤台兮山岫
7b587933dafe0f9ba172eb5622f58e05	江淹	架半室兮江汀
7b587933dafe0f9ba172eb5622f58e05	江淹	累青杉于涧构
7b587933dafe0f9ba172eb5622f58e05	江淹	积红石于林棂
7b587933dafe0f9ba172eb5622f58e05	江淹	云八重兮七色
7b587933dafe0f9ba172eb5622f58e05	江淹	山十影兮九形
7b587933dafe0f9ba172eb5622f58e05	江淹	栽异木而同秀
7b587933dafe0f9ba172eb5622f58e05	江淹	钟杂草而一香
7b587933dafe0f9ba172eb5622f58e05	江淹	伊日月之寂寂
7b587933dafe0f9ba172eb5622f58e05	江淹	无人音与马迹
7b587933dafe0f9ba172eb5622f58e05	江淹	耽禅情于云迳
7b587933dafe0f9ba172eb5622f58e05	江淹	守息心于端石
7b587933dafe0f9ba172eb5622f58e05	江淹	永结意于鹫山
7b587933dafe0f9ba172eb5622f58e05	江淹	长憔悴而不惜
7b587933dafe0f9ba172eb5622f58e05	江淹	【其二
7b587933dafe0f9ba172eb5622f58e05	江淹	·
7b587933dafe0f9ba172eb5622f58e05	江淹	访道经】
7b587933dafe0f9ba172eb5622f58e05	江淹	珍君之言兮皦无际
7b587933dafe0f9ba172eb5622f58e05	江淹	悦子之道兮迥不群
7b587933dafe0f9ba172eb5622f58e05	江淹	澹深韵于白水
7b587933dafe0f9ba172eb5622f58e05	江淹	俨高意于浮云
7b587933dafe0f9ba172eb5622f58e05	江淹	轨贤豪于后学
7b587933dafe0f9ba172eb5622f58e05	江淹	轶望识于前文
7b587933dafe0f9ba172eb5622f58e05	江淹	空山隐辚兮穷翠崿
7b587933dafe0f9ba172eb5622f58e05	江淹	信若人兮先觉
7b587933dafe0f9ba172eb5622f58e05	江淹	聊与子兮如一
7b587933dafe0f9ba172eb5622f58e05	江淹	【其三
7b587933dafe0f9ba172eb5622f58e05	江淹	·
7b587933dafe0f9ba172eb5622f58e05	江淹	镜论语】
7b587933dafe0f9ba172eb5622f58e05	江淹	巡青史之残诰
7b587933dafe0f9ba172eb5622f58e05	江淹	览朱管之遗册
7b587933dafe0f9ba172eb5622f58e05	江淹	惟鲁滨之一叟
7b587933dafe0f9ba172eb5622f58e05	江淹	信衔道而探寂
7b587933dafe0f9ba172eb5622f58e05	江淹	世艰险而多阻
7b587933dafe0f9ba172eb5622f58e05	江淹	君英明而不革
7b587933dafe0f9ba172eb5622f58e05	江淹	成贾郑之雄理
7b587933dafe0f9ba172eb5622f58e05	江淹	可黄何之壮思
7b587933dafe0f9ba172eb5622f58e05	江淹	惜古人之取才
7b587933dafe0f9ba172eb5622f58e05	江淹	瞰青云而靖意
7b587933dafe0f9ba172eb5622f58e05	江淹	意恬怅兮有端
7b587933dafe0f9ba172eb5622f58e05	江淹	才嶒峻兮可观
7b587933dafe0f9ba172eb5622f58e05	江淹	宪妫禹而折法
7b587933dafe0f9ba172eb5622f58e05	江淹	袭仁谊而求安
7b587933dafe0f9ba172eb5622f58e05	江淹	不嬿婉于戚施
7b587933dafe0f9ba172eb5622f58e05	江淹	宁踸踔于马兰
7b587933dafe0f9ba172eb5622f58e05	江淹	俾后生之庶士
7b587933dafe0f9ba172eb5622f58e05	江淹	鉴明德之音翰
7b587933dafe0f9ba172eb5622f58e05	江淹	惟山中兮寂寞
7b587933dafe0f9ba172eb5622f58e05	江淹	沉忧思兮无从
7b587933dafe0f9ba172eb5622f58e05	江淹	石红青兮百叠
7b587933dafe0f9ba172eb5622f58e05	江淹	山浓淡兮万重
7b587933dafe0f9ba172eb5622f58e05	江淹	日下兮□□
7b587933dafe0f9ba172eb5622f58e05	江淹	味哲人之遗珍
7b587933dafe0f9ba172eb5622f58e05	江淹	折片句兮忘老
7b587933dafe0f9ba172eb5622f58e05	江淹	嘉石门之埋名
7b587933dafe0f9ba172eb5622f58e05	江淹	怜柳子之沈道
7b587933dafe0f9ba172eb5622f58e05	江淹	书吴伯于衣袖
7b587933dafe0f9ba172eb5622f58e05	江淹	镂颜子于心抱
7b587933dafe0f9ba172eb5622f58e05	江淹	筹出处之叔仲
7b587933dafe0f9ba172eb5622f58e05	江淹	酌言默之多少
7b587933dafe0f9ba172eb5622f58e05	江淹	若妙行与上灵
7b587933dafe0f9ba172eb5622f58e05	江淹	非积学之所绍
7b587933dafe0f9ba172eb5622f58e05	江淹	至游夏以升降
7b587933dafe0f9ba172eb5622f58e05	江淹	幸砥心而勿夭
7b587933dafe0f9ba172eb5622f58e05	江淹	【其四
7b587933dafe0f9ba172eb5622f58e05	江淹	·
7b587933dafe0f9ba172eb5622f58e05	江淹	悦曲池】
7b587933dafe0f9ba172eb5622f58e05	江淹	桐之叶兮蔽日
7b587933dafe0f9ba172eb5622f58e05	江淹	桂之枝兮刺天
7b587933dafe0f9ba172eb5622f58e05	江淹	引一息于魂内
7b587933dafe0f9ba172eb5622f58e05	江淹	扰百绪于眼前
7b587933dafe0f9ba172eb5622f58e05	江淹	意春兰与秋若
7b587933dafe0f9ba172eb5622f58e05	江淹	愿不绝于江边
7b587933dafe0f9ba172eb5622f58e05	江淹	【其五
7b587933dafe0f9ba172eb5622f58e05	江淹	·
7b587933dafe0f9ba172eb5622f58e05	江淹	爱远山】
7b587933dafe0f9ba172eb5622f58e05	江淹	逮绀草之可结
7b587933dafe0f9ba172eb5622f58e05	江淹	及朱华之未晚
7b587933dafe0f9ba172eb5622f58e05	江淹	緤余马于椒阿
7b587933dafe0f9ba172eb5622f58e05	江淹	漾余舟于沙衍
7b587933dafe0f9ba172eb5622f58e05	江淹	临星朏兮树暗
7b587933dafe0f9ba172eb5622f58e05	江淹	看日烁兮霞浅
7b587933dafe0f9ba172eb5622f58e05	江淹	深林寂以窈窈
7b587933dafe0f9ba172eb5622f58e05	江淹	上猨狖之所群
7b587933dafe0f9ba172eb5622f58e05	江淹	非郢路之辽远
7b587933dafe0f9ba172eb5622f58e05	江淹	实寸忧之相接
7b587933dafe0f9ba172eb5622f58e05	江淹	欷美人于心底
7b587933dafe0f9ba172eb5622f58e05	江淹	若溘死于汀潭
7b587933dafe0f9ba172eb5622f58e05	江淹	哀时命而自惬
7b587933dafe0f9ba172eb56890c64f1	江淹	【其一
7b587933dafe0f9ba172eb56890c64f1	江淹	·
7b587933dafe0f9ba172eb56890c64f1	江淹	构象台】
7b587933dafe0f9ba172eb56890c64f1	江淹	立孤台兮山岫
7b587933dafe0f9ba172eb56890c64f1	江淹	架半室兮江汀
7b587933dafe0f9ba172eb56890c64f1	江淹	累青杉于涧构
7b587933dafe0f9ba172eb56890c64f1	江淹	积红石于林棂
7b587933dafe0f9ba172eb56890c64f1	江淹	云八重兮七色
7b587933dafe0f9ba172eb56890c64f1	江淹	山十影兮九形
7b587933dafe0f9ba172eb56890c64f1	江淹	栽异木而同秀
7b587933dafe0f9ba172eb56890c64f1	江淹	钟杂草而一香
7b587933dafe0f9ba172eb56890c64f1	江淹	伊日月之寂寂
7b587933dafe0f9ba172eb56890c64f1	江淹	无人音与马迹
7b587933dafe0f9ba172eb56890c64f1	江淹	耽禅情于云迳
7b587933dafe0f9ba172eb56890c64f1	江淹	守息心于端石
7b587933dafe0f9ba172eb56890c64f1	江淹	永结意于鹫山
7b587933dafe0f9ba172eb56890c64f1	江淹	长憔悴而不惜
7b587933dafe0f9ba172eb56890c64f1	江淹	【其二
7b587933dafe0f9ba172eb56890c64f1	江淹	·
7b587933dafe0f9ba172eb56890c64f1	江淹	访道经】
7b587933dafe0f9ba172eb56890c64f1	江淹	珍君之言兮皦无际
7b587933dafe0f9ba172eb56890c64f1	江淹	悦子之道兮迥不群
7b587933dafe0f9ba172eb56890c64f1	江淹	澹深韵于白水
7b587933dafe0f9ba172eb56890c64f1	江淹	俨高意于浮云
7b587933dafe0f9ba172eb56890c64f1	江淹	轨贤豪于后学
7b587933dafe0f9ba172eb56890c64f1	江淹	轶望识于前文
7b587933dafe0f9ba172eb56890c64f1	江淹	空山隐辚兮穷翠崿
7b587933dafe0f9ba172eb56890c64f1	江淹	信若人兮先觉
7b587933dafe0f9ba172eb56890c64f1	江淹	聊与子兮如一
7b587933dafe0f9ba172eb56890c64f1	江淹	【其三
7b587933dafe0f9ba172eb56890c64f1	江淹	·
7b587933dafe0f9ba172eb56890c64f1	江淹	镜论语】
7b587933dafe0f9ba172eb56890c64f1	江淹	巡青史之残诰
7b587933dafe0f9ba172eb56890c64f1	江淹	览朱管之遗册
7b587933dafe0f9ba172eb56890c64f1	江淹	惟鲁滨之一叟
7b587933dafe0f9ba172eb56890c64f1	江淹	信衔道而探寂
7b587933dafe0f9ba172eb56890c64f1	江淹	世艰险而多阻
7b587933dafe0f9ba172eb56890c64f1	江淹	君英明而不革
7b587933dafe0f9ba172eb56890c64f1	江淹	成贾郑之雄理
7b587933dafe0f9ba172eb56890c64f1	江淹	可黄何之壮思
7b587933dafe0f9ba172eb56890c64f1	江淹	惜古人之取才
7b587933dafe0f9ba172eb56890c64f1	江淹	瞰青云而靖意
7b587933dafe0f9ba172eb56890c64f1	江淹	意恬怅兮有端
7b587933dafe0f9ba172eb56890c64f1	江淹	才嶒峻兮可观
7b587933dafe0f9ba172eb56890c64f1	江淹	宪妫禹而折法
7b587933dafe0f9ba172eb56890c64f1	江淹	袭仁谊而求安
7b587933dafe0f9ba172eb56890c64f1	江淹	不嬿婉于戚施
7b587933dafe0f9ba172eb56890c64f1	江淹	宁踸踔于马兰
7b587933dafe0f9ba172eb56890c64f1	江淹	俾后生之庶士
7b587933dafe0f9ba172eb56890c64f1	江淹	鉴明德之音翰
7b587933dafe0f9ba172eb56890c64f1	江淹	惟山中兮寂寞
7b587933dafe0f9ba172eb56890c64f1	江淹	沉忧思兮无从
7b587933dafe0f9ba172eb56890c64f1	江淹	石红青兮百叠
7b587933dafe0f9ba172eb56890c64f1	江淹	山浓淡兮万重
7b587933dafe0f9ba172eb56890c64f1	江淹	日下兮□□
7b587933dafe0f9ba172eb56890c64f1	江淹	味哲人之遗珍
7b587933dafe0f9ba172eb56890c64f1	江淹	折片句兮忘老
7b587933dafe0f9ba172eb56890c64f1	江淹	嘉石门之埋名
7b587933dafe0f9ba172eb56890c64f1	江淹	怜柳子之沈道
7b587933dafe0f9ba172eb56890c64f1	江淹	书吴伯于衣袖
7b587933dafe0f9ba172eb56890c64f1	江淹	镂颜子于心抱
7b587933dafe0f9ba172eb56890c64f1	江淹	筹出处之叔仲
7b587933dafe0f9ba172eb56890c64f1	江淹	酌言默之多少
7b587933dafe0f9ba172eb56890c64f1	江淹	若妙行与上灵
7b587933dafe0f9ba172eb56890c64f1	江淹	非积学之所绍
7b587933dafe0f9ba172eb56890c64f1	江淹	至游夏以升降
7b587933dafe0f9ba172eb56890c64f1	江淹	幸砥心而勿夭
7b587933dafe0f9ba172eb56890c64f1	江淹	【其四
7b587933dafe0f9ba172eb56890c64f1	江淹	·
7b587933dafe0f9ba172eb56890c64f1	江淹	悦曲池】
7b587933dafe0f9ba172eb56890c64f1	江淹	桐之叶兮蔽日
7b587933dafe0f9ba172eb56890c64f1	江淹	桂之枝兮刺天
7b587933dafe0f9ba172eb56890c64f1	江淹	引一息于魂内
7b587933dafe0f9ba172eb56890c64f1	江淹	扰百绪于眼前
7b587933dafe0f9ba172eb56890c64f1	江淹	意春兰与秋若
7b587933dafe0f9ba172eb56890c64f1	江淹	愿不绝于江边
7b587933dafe0f9ba172eb56890c64f1	江淹	【其五
7b587933dafe0f9ba172eb56890c64f1	江淹	·
7b587933dafe0f9ba172eb56890c64f1	江淹	爱远山】
7b587933dafe0f9ba172eb56890c64f1	江淹	逮绀草之可结
7b587933dafe0f9ba172eb56890c64f1	江淹	及朱华之未晚
7b587933dafe0f9ba172eb56890c64f1	江淹	緤余马于椒阿
7b587933dafe0f9ba172eb56890c64f1	江淹	漾余舟于沙衍
7b587933dafe0f9ba172eb56890c64f1	江淹	临星朏兮树暗
7b587933dafe0f9ba172eb56890c64f1	江淹	看日烁兮霞浅
7b587933dafe0f9ba172eb56890c64f1	江淹	深林寂以窈窈
7b587933dafe0f9ba172eb56890c64f1	江淹	上猨狖之所群
7b587933dafe0f9ba172eb56890c64f1	江淹	非郢路之辽远
7b587933dafe0f9ba172eb56890c64f1	江淹	实寸忧之相接
7b587933dafe0f9ba172eb56890c64f1	江淹	欷美人于心底
7b587933dafe0f9ba172eb56890c64f1	江淹	若溘死于汀潭
7b587933dafe0f9ba172eb56890c64f1	江淹	哀时命而自惬
7b587933dafe0f9b06b032b7b48a0aab	江淹	【其一】
7b587933dafe0f9b06b032b7b48a0aab	江淹	【其二】
7b587933dafe0f9b06b032b7b48a0aab	江淹	【其三】
7b587933dafe0f9b06b032b7b48a0aab	江淹	【其四】
7b587933dafe0f9b06b032b7b48a0aab	江淹	【其五】
7b587933dafe0f9b06b032b7b48a0aab	江淹	【其六】
7b587933dafe0f9b06b032b7b48a0aab	江淹	【其七】
7b587933dafe0f9b06b032b7b48a0aab	江淹	【其八】
7b587933dafe0f9b06b032b7b48a0aab	江淹	【其九】
7b587933dafe0f9b06b032b7b48a0aab	江淹	【其十】
7b587933e51ecc73499ea93e7300d866	萧子显	【其一】
7b587933e51ecc73499ea93e7300d866	萧子显	【其二】
7b587933e51ecc73499ea93e7300d866	萧子显	【其三】
7b587933f90b57c988a9542028fa1f92	萧纲	【其一】
7b587933f90b57c988a9542028fa1f92	萧纲	枝中上春并归
7b587933f90b57c988a9542028fa1f92	萧纲	光照衣
7b587933f90b57c988a9542028fa1f92	萧纲	景将夕
7b587933f90b57c988a9542028fa1f92	萧纲	掷黄金
7b587933f90b57c988a9542028fa1f92	萧纲	留上客
7b587933f90b57c988a9542028fa1f92	萧纲	【其二】
7b587933f90b57c988a9542028fa1f92	萧纲	愿莫疏
7b587933f90b57c988a9542028fa1f92	萧纲	意何极
7b587933f90b57c988a9542028fa1f92	萧纲	双鸳鸯
7b587933f90b57c988a9542028fa1f92	萧纲	两相意
7b587933f90b57c988a9542028fa1f92	萧纲	【其三】
7b587933f90b57c988a9542028fa1f92	萧纲	香风起
7b587933f90b57c988a9542028fa1f92	萧纲	白日低
7b587933f90b57c988a9542028fa1f92	萧纲	采莲曲
7b587933f90b57c988a9542028fa1f92	萧纲	使君迷
7b587933f90b57c9c79051be12842acd	萧纲	【其一】
7b587933f90b57c9c79051be12842acd	萧纲	【其二】
7b587933f90b57c942fe621f824a5b9e	萧纲	【其一】
7b587933f90b57c942fe621f824a5b9e	萧纲	【其二】
7b587933f90b57c97ae95499f56730f9	萧纲	【其一】
7b587933f90b57c97ae95499f56730f9	萧纲	【其二】
7b587933f90b57c97ae95499f56730f9	萧纲	【其三】
7b587933f95faa161bdfd60ca7cf5036	鲍照	君不见少壮从军去
7b587933f95faa161bdfd60ca7cf5036	鲍照	男儿生世坎坷欲何道
7b587933f95faa16f94b00a7413d48d6	鲍照	献岁发
7b587933f95faa16f94b00a7413d48d6	鲍照	吾将行
7b587933f95faa16f94b00a7413d48d6	鲍照	春山茂
7b587933f95faa16f94b00a7413d48d6	鲍照	春日明
7b587933f95faa16f94b00a7413d48d6	鲍照	园中鸟
7b587933f95faa16f94b00a7413d48d6	鲍照	多嘉声
7b587933f95faa16f94b00a7413d48d6	鲍照	梅始发
7b587933f95faa16f94b00a7413d48d6	鲍照	柳始青
7b587933f95faa16f94b00a7413d48d6	鲍照	泛舟舻
7b587933f95faa16f94b00a7413d48d6	鲍照	齐棹惊
7b587933f95faa16f94b00a7413d48d6	鲍照	奏《采菱》
7b587933f95faa16f94b00a7413d48d6	鲍照	歌《鹿鸣》
7b587933f95faa16f94b00a7413d48d6	鲍照	风微起
7b587933f95faa16f94b00a7413d48d6	鲍照	波微生
7b587933f95faa16f94b00a7413d48d6	鲍照	弦亦发
7b587933f95faa16f94b00a7413d48d6	鲍照	酒亦倾
7b587933f95faa16f94b00a7413d48d6	鲍照	入莲池
7b587933f95faa16f94b00a7413d48d6	鲍照	折桂枝
7b587933f95faa16f94b00a7413d48d6	鲍照	芳袖动
7b587933f95faa16f94b00a7413d48d6	鲍照	芬叶披
7b587933f95faa16f94b00a7413d48d6	鲍照	两相思
7b587933f95faa16f94b00a7413d48d6	鲍照	两不知
7b587933f95faa16952eeec9cc83a93e	鲍照	【其一】
7b587933f95faa16952eeec9cc83a93e	鲍照	朱唇动
7b587933f95faa16952eeec9cc83a93e	鲍照	素腕举
7b587933f95faa16952eeec9cc83a93e	鲍照	【其二】
7b587933f95faa16f4b6f829d881e35d	鲍照	霜入幕
7b587933f95faa16f4b6f829d881e35d	鲍照	风度林
7b587933f95faa16f4b6f829d881e35d	鲍照	朱灯灭
7b587933f95faa16f4b6f829d881e35d	鲍照	朱颜寻
7b587933f95faa16f4b6f829d881e35d	鲍照	体君歌
7b587933f95faa16f4b6f829d881e35d	鲍照	逐君音
7b587933f95faa16f4b6f829d881e35d	鲍照	不贵声
7b587933f95faa16f4b6f829d881e35d	鲍照	贵意深
7b587933f95faa16d06379742b36830c	鲍照	【其一】
7b587933f95faa16d06379742b36830c	鲍照	【其二】
7b587933f95faa16d06379742b36830c	鲍照	安知今所终①
7b587933f95faa16d06379742b36830c	鲍照	【其三】
7b587933f95faa16d06379742b36830c	鲍照	【其四】
7b587933f95faa16d06379742b36830c	鲍照	【其五】
7b587933f95faa16d06379742b36830c	鲍照	【其六】
7b587933f95faa16d06379742b36830c	鲍照	【其七】
7b587933f95faa16d06379742b36830c	鲍照	【其八】
7b587933f95faa1644a838d5a13c812c	鲍照	洛阳名工铸为金博山
7b587933f95faa167c3e367c04b2d450	鲍照	君不见河边草
7b587933f95faa167c3e367c04b2d450	鲍照	君不见城上日
7b587933f95faa16e09bbb17ac466bf2	鲍照	但见松柏荆棘郁樽樽
7b587933f95faa16e09bbb17ac466bf2	鲍照	念此死生变化非常理
7b587933f95faa161bd243c1ed88382e	鲍照	君不见蕣华不终朝
7b587933f95faa16e26861c58c8ba33d	鲍照	君不见枯箨走阶庭
7b587933f95faa16e26861c58c8ba33d	鲍照	君不见亡灵蒙享祀
7b587933f95faa16c3fbd861057d7bd2	鲍照	闺中孀居独宿有贞名
7b587933f95faa16ed8a8fc3fa127346	鲍照	君不见柏梁台
7b587933f95faa16ed8a8fc3fa127346	鲍照	君不见阿房宫
7b587933f95faa16ddd85be0361b0781	鲍照	君不见冰上霜
7b587933f95faa163b8544cee15d1f0f	鲍照	君不见春鸟初至时
7b587933f95faa16657183dab70c5984	鲍照	【其一】
7b587933f95faa16657183dab70c5984	鲍照	【其二】
7b587933f95faa16657183dab70c5984	鲍照	【其三】
7b587933f95faa16657183dab70c5984	鲍照	【其四】
7b587933f95faa16657183dab70c5984	鲍照	【其五】
7b587933f95faa16657183dab70c5984	鲍照	【其六】
7b587933f95faa16657183dab70c5984	鲍照	【其七】
7b587933f95faa1620c22033e153a9d4	鲍照	“手迹可传心
7b587933f95faa1620c22033e153a9d4	鲍照	”
7b587933f95faa16f4a51048d495446a	鲍照	【其一】
7b587933f95faa16f4a51048d495446a	鲍照	【其二】
7b587933f95faa16f4a51048d495446a	鲍照	【其三】
7b587933f95faa16f4a51048d495446a	鲍照	【其四】
7b587933f95faa16f4a51048d495446a	鲍照	【其五】
7b587933f95faa16fa826142e8f79951	鲍照	【其一】
7b587933f95faa16fa826142e8f79951	鲍照	淮南王
7b587933f95faa16fa826142e8f79951	鲍照	好长生
7b587933f95faa16fa826142e8f79951	鲍照	合神丹
7b587933f95faa16fa826142e8f79951	鲍照	戏紫房
7b587933f95faa16fa826142e8f79951	鲍照	【其二】
7b587933f95faa16fa826142e8f79951	鲍照	入君怀
7b587933f95faa16fa826142e8f79951	鲍照	结君佩
7b587933f95faa160e0afe59a7fcd2ed	鲍照	【其一】
7b587933f95faa160e0afe59a7fcd2ed	鲍照	【其二】
7b587933f95faa160e0afe59a7fcd2ed	鲍照	【其三】
7b587933f95faa160e0afe59a7fcd2ed	鲍照	【其四】
7b587933f95faa160e0afe59a7fcd2ed	鲍照	【其五】
7b587933f95faa160e0afe59a7fcd2ed	鲍照	【其六】
7b587933f95faa160e0afe59a7fcd2ed	鲍照	【其七】
7b587933f95faa160e0afe59a7fcd2ed	鲍照	【其八】
7b587933f95faa160e0afe59a7fcd2ed	鲍照	【其九】
7b587933f95faa160e0afe59a7fcd2ed	鲍照	【其十】
7b587933f95faa1627a8a9d285397849	鲍照	雉朝飞
7b587933f95faa1627a8a9d285397849	鲍照	振羽翼
7b587933f95faa1627a8a9d285397849	鲍照	媒已惊
7b587933f95faa1627a8a9d285397849	鲍照	翳又逼
7b587933f95faa1627a8a9d285397849	鲍照	刎绣颈
7b587933f95faa1627a8a9d285397849	鲍照	碎锦臆
7b587933f95faa1627a8a9d285397849	鲍照	握君手
7b587933f95faa1627a8a9d285397849	鲍照	执杯酒
7b587933a644b67cefe76c5ad8fc1314	庾信	百川乃宗巨海
7b587933a644b67cefe76c5ad8fc1314	庾信	众星是仰北辰
7b587933a644b67cefe76c5ad8fc1314	庾信	九州攸同禹迹
7b587933a644b67cefe76c5ad8fc1314	庾信	四海合德尧臣
7b587933a644b67cefe76c5ad8fc1314	庾信	朝阳栖于鸣凤
7b587933a644b67cefe76c5ad8fc1314	庾信	灵畤牧于般麟
7b587933a644b67cefe76c5ad8fc1314	庾信	云玉叶而五色
7b587933a644b67cefe76c5ad8fc1314	庾信	月金波而两轮
7b587933a644b67cefe76c5ad8fc1314	庾信	凉风迎时北狩
7b587933a644b67cefe76c5ad8fc1314	庾信	小暑戒节南巡
7b587933a644b67cefe76c5ad8fc1314	庾信	山无藏于紫玉
7b587933a644b67cefe76c5ad8fc1314	庾信	地不爱于黄银
7b587933a644b67cefe76c5ad8fc1314	庾信	虽南征而北怨
7b587933a644b67cefe76c5ad8fc1314	庾信	实西略而东宾
7b587933a644b67cefe76c5ad8fc1314	庾信	既永清于四海
7b587933a644b67cefe76c5ad8fc1314	庾信	终有庆于一人
7b587933a644b67c951f798686fcb3c8	庾信	【其一】
7b587933a644b67c951f798686fcb3c8	庾信	【其二】
7b587933a644b67c951f798686fcb3c8	庾信	【其三】
7b587933a644b67c951f798686fcb3c8	庾信	【其四】
7b587933a644b67c951f798686fcb3c8	庾信	【其五】
7b587933a644b67c951f798686fcb3c8	庾信	【其六】
7b587933a644b67c951f798686fcb3c8	庾信	【其七】
7b587933a644b67c951f798686fcb3c8	庾信	【其八】
7b587933a644b67c951f798686fcb3c8	庾信	【其九】
7b587933a644b67c951f798686fcb3c8	庾信	【其十】
7b587933a644b67c951f798686fcb3c8	庾信	【其十一】
7b587933a644b67c951f798686fcb3c8	庾信	【其十二】
7b587933a644b67c951f798686fcb3c8	庾信	【其十三】
7b587933a644b67c951f798686fcb3c8	庾信	【其十四】
7b587933a644b67c951f798686fcb3c8	庾信	【其十五】
7b587933a644b67c951f798686fcb3c8	庾信	【其十六】
7b587933a644b67c951f798686fcb3c8	庾信	【其十七】
7b587933a644b67c951f798686fcb3c8	庾信	【其十八】
7b587933a644b67c951f798686fcb3c8	庾信	【其十九】
7b587933a644b67c951f798686fcb3c8	庾信	【其二十】
7b587933a644b67c951f798686fcb3c8	庾信	【其二十一】
7b587933a644b67c951f798686fcb3c8	庾信	【其二十二】
7b587933a644b67c951f798686fcb3c8	庾信	【其二十三】
7b587933a644b67c951f798686fcb3c8	庾信	【其二十四】
7b587933a644b67c951f798686fcb3c8	庾信	【其二十五】
7b587933a644b67c951f798686fcb3c8	庾信	【其二十六】
7b587933a644b67c951f798686fcb3c8	庾信	【其二十七】
7b587933a644b67c590a0c503b602962	庾信	【其一】
7b587933a644b67c590a0c503b602962	庾信	【其二】
7b587933a644b67cad8a23f69bd53332	庾信	朝来户前照镜
7b587933a644b67cad8a23f69bd53332	庾信	含笑盈盈自看
7b587933a644b67cad8a23f69bd53332	庾信	眉心浓黛直点
7b587933a644b67cad8a23f69bd53332	庾信	额角轻黄细安
7b587933a644b67cad8a23f69bd53332	庾信	只疑落花慢去
7b587933a644b67cad8a23f69bd53332	庾信	复道春风不还
7b587933a644b67cad8a23f69bd53332	庾信	少年唯有欢乐
7b587933a644b67cad8a23f69bd53332	庾信	饮酒那得留残
7b587933a644b67cc6201ec892eedb01	庾信	【其一】
7b587933a644b67cc6201ec892eedb01	庾信	【其二】
7b587933a644b67c305ecd06b2939349	庾信	促柱繁弦非《子夜》
7b587933a644b67c305ecd06b2939349	庾信	歌声舞态异《前溪》
7b587933a644b67c70819476c8894ef4	庾信	家住金陵县前
7b587933a644b67c70819476c8894ef4	庾信	嫁得长安少年
7b587933a644b67c70819476c8894ef4	庾信	回头望乡泪落
7b587933a644b67c70819476c8894ef4	庾信	不知何处天边
7b587933a644b67c70819476c8894ef4	庾信	胡尘几日应尽
7b587933a644b67c70819476c8894ef4	庾信	汉月何时更圆
7b587933a644b67c70819476c8894ef4	庾信	为君能歌此曲
7b587933a644b67c70819476c8894ef4	庾信	不觉心随断弦
7b587933a644b67c6b7b8f6324e16b68	庾信	峰横鹤岭
7b587933a644b67c6b7b8f6324e16b68	庾信	水学龙津
7b587933a644b67c6b7b8f6324e16b68	庾信	瑞云一片
7b587933a644b67c6b7b8f6324e16b68	庾信	仙童两人
7b587933a644b67c6b7b8f6324e16b68	庾信	三秋云薄
7b587933a644b67c6b7b8f6324e16b68	庾信	九日寒新
7b587933a644b67c6b7b8f6324e16b68	庾信	真花暂落
7b587933a644b67c6b7b8f6324e16b68	庾信	画树长春
7b587933a644b67c6b7b8f6324e16b68	庾信	横石临砌
7b587933a644b67c6b7b8f6324e16b68	庾信	飞檐枕岭
7b587933a644b67c6b7b8f6324e16b68	庾信	壁绕藤苗
7b587933a644b67c6b7b8f6324e16b68	庾信	窗衔竹影
7b587933a644b67c6b7b8f6324e16b68	庾信	菊落秋潭
7b587933a644b67c6b7b8f6324e16b68	庾信	桐疏寒井
7b587933a644b67c6b7b8f6324e16b68	庾信	仁者可乐
7b587933a644b67c6b7b8f6324e16b68	庾信	将由爱静
