source_id	author	title	author_cohort	line_length	line_number	line_text	tones_strict	tones_binary	tone_possibilities
7b5879330c2d7c44dd868691493473ac	刘孝绰	咏素蝶诗	梁	5	0	随蜂绕绿蕙	平平?入去	PPZZZ	平/平/上去/入/去
7b5879330c2d7c44dd868691493473ac	刘孝绰	咏素蝶诗	梁	5	1	避雀隐青薇	去入?平平	ZZZPP	去/入/上去/平/平
7b5879330c2d7c44dd868691493473ac	刘孝绰	咏素蝶诗	梁	5	2	映日忽争起	?入入平上	ZZZPZ	上去/入/入/平/上
7b5879330c2d7c44dd868691493473ac	刘孝绰	咏素蝶诗	梁	5	3	因风乍共归	平平去?平	P?Z?P	平/平去/去/平去/平
7b5879330c2d7c44dd868691493473ac	刘孝绰	咏素蝶诗	梁	5	4	出没花中见	?入平平去	ZZP?Z	去入/入/平/平去/去
7b5879330c2d7c44dd868691493473ac	刘孝绰	咏素蝶诗	梁	5	5	参差叶际飞	??入去平	??ZZP	平去/平去/入/去/平
7b5879330c2d7c44dd868691493473ac	刘孝绰	咏素蝶诗	梁	5	6	芳华幸勿谢	平?上入去	P?ZZZ	平/平去/上/入/去
7b5879330c2d7c44dd868691493473ac	刘孝绰	咏素蝶诗	梁	5	7	嘉树欲相依	平?入平平	PZZ?P	平/上去/入/平去/平
7b5879330c2d7c4492d659bcbcd75697	刘孝绰	遥见美人采荷诗	梁	5	0	菱茎时绕钏	平平平?去	PPPZZ	平/平/平/上去/去
7b5879330c2d7c4492d659bcbcd75697	刘孝绰	遥见美人采荷诗	梁	5	1	棹水或沾妆	去上入平平	ZZZ?P	去/上/入/平去/平
7b5879330c2d7c4492d659bcbcd75697	刘孝绰	遥见美人采荷诗	梁	5	2	不辞红袖湿	?平平去入	?PPZZ	平上入/平/平/去/入
7b5879330c2d7c4492d659bcbcd75697	刘孝绰	遥见美人采荷诗	梁	5	3	唯怜绿叶香	?平入入平	?PZZP	平上/平/入/入/平
7b5879330c2d7c44cecd75436acae103	刘孝绰	古意送沈宏诗	梁	5	0	燕赵多佳丽	?上平平?	?ZPP?	平去/上/平/平/平去
7b5879330c2d7c44cecd75436acae103	刘孝绰	古意送沈宏诗	梁	5	1	白日照红妆	入入去平平	ZZZPP	入/入/去/平/平
7b5879330c2d7c44cecd75436acae103	刘孝绰	古意送沈宏诗	梁	5	2	荡子十年别	?上入平?	?ZZPZ	平上去/上/入/平/去入
7b5879330c2d7c44cecd75436acae103	刘孝绰	古意送沈宏诗	梁	5	3	罗衣双带长	平平平去?	P?PZ?	平/平去/平/去/平上去
7b5879330c2d7c44cecd75436acae103	刘孝绰	古意送沈宏诗	梁	5	4	春楼怨难守	平平?平?	PP??Z	平/平/平去/平去/上去
7b5879330c2d7c44cecd75436acae103	刘孝绰	古意送沈宏诗	梁	5	5	玉阶空自伤	入平?去?	ZP?Z?	入/平/平去/去/平去
7b5879330c2d7c44cecd75436acae103	刘孝绰	古意送沈宏诗	梁	5	6	复此归飞燕	?上平平?	ZZPP?	去入/上/平/平/平去
7b5879330c2d7c44cecd75436acae103	刘孝绰	古意送沈宏诗	梁	5	7	衔泥绕曲房	平平?入平	P?ZZP	平/平去/上去/入/平
7b5879330c2d7c44cecd75436acae103	刘孝绰	古意送沈宏诗	梁	5	8	差池入绮幕	?平入上入	?PZZZ	平去/平/入/上/入
7b5879330c2d7c44cecd75436acae103	刘孝绰	古意送沈宏诗	梁	5	9	上下傍雕梁	???平平	ZZ?PP	上去/上去/平去/平/平
7b5879330c2d7c44cecd75436acae103	刘孝绰	古意送沈宏诗	梁	5	10	故居犹可念	去平?上去	ZP?ZZ	去/平/平去/上/去
7b5879330c2d7c44cecd75436acae103	刘孝绰	古意送沈宏诗	梁	5	11	故人安可忘	去平平上去	ZPPZZ	去/平/平/上/去
7b5879330c2d7c44cecd75436acae103	刘孝绰	古意送沈宏诗	梁	5	12	相思昏望绝	?平平?入	??P?Z	平去/平去/平/平去/入
7b5879330c2d7c44cecd75436acae103	刘孝绰	古意送沈宏诗	梁	5	13	宿昔梦容光	?入?平?	ZZ?P?	去入/入/平去/平/平去
7b5879330c2d7c44cecd75436acae103	刘孝绰	古意送沈宏诗	梁	5	14	魂交忽在御	?平入??	?PZZZ	/平/入/上去/上去
7b5879330c2d7c44cecd75436acae103	刘孝绰	古意送沈宏诗	梁	5	15	转侧定他乡	?入去平平	ZZZPP	上去/入/去/平/平
7b5879330c2d7c44cecd75436acae103	刘孝绰	古意送沈宏诗	梁	5	16	徒然顾枕席	平平去上入	PPZ?Z	平/平/去/平上去/入
7b5879330c2d7c44cecd75436acae103	刘孝绰	古意送沈宏诗	梁	5	17	谁与同衣裳	平??平平	P???P	平/平上去/平去/平去/平
7b5879330c2d7c44cecd75436acae103	刘孝绰	古意送沈宏诗	梁	5	18	空使兰膏夜	?上平平去	?ZP?Z	平去/上去/平/平去/去
7b5879330c2d7c44cecd75436acae103	刘孝绰	古意送沈宏诗	梁	5	19	炯炯对繁霜	上上去平平	ZZZPP	上/上/去/平/平
7b5879330c2d7c44aa63b6b357663872	刘孝绰	咏百舌诗	梁	5	0	山人惜春暮	平平入平去	PPZPZ	平/平/入/平/去
7b5879330c2d7c44aa63b6b357663872	刘孝绰	咏百舌诗	梁	5	1	旭旦坐花林	入去?平平	ZZZPP	入/去/上去/平/平
7b5879330c2d7c44aa63b6b357663872	刘孝绰	咏百舌诗	梁	5	2	复值怀春鸟	?去平平上	ZZPPZ	去入/去/平/平/上
7b5879330c2d7c44aa63b6b357663872	刘孝绰	咏百舌诗	梁	5	3	枝间弄好音	平平去上平	P?ZZP	平//去/上去/平
7b5879330c2d7c44aa63b6b357663872	刘孝绰	咏百舌诗	梁	5	4	迁乔声迥出	平平平上?	PPPZZ	平/平/平/上/去入
7b5879330c2d7c44aa63b6b357663872	刘孝绰	咏百舌诗	梁	5	5	赴谷响幽深	去入上平?	ZZZP?	去/入/上/平/平去
7b5879330c2d7c44aa63b6b357663872	刘孝绰	咏百舌诗	梁	5	6	下听长而短	?平?平上	Z??PZ	上去/平上去/平上去/平/上
7b5879330c2d7c44aa63b6b357663872	刘孝绰	咏百舌诗	梁	5	7	时闻绝复寻	平平入?平	P?ZZP	平/平去/入/去入/平
7b5879330c2d7c44aa63b6b357663872	刘孝绰	咏百舌诗	梁	5	8	孤鸣若无对	平平?平去	PP?PZ	平/平/平上入/平/去
7b5879330c2d7c44aa63b6b357663872	刘孝绰	咏百舌诗	梁	5	9	百啭似群吟	入去上平?	ZZZP?	入/去/上/平/平去
7b5879330c2d7c44aa63b6b357663872	刘孝绰	咏百舌诗	梁	5	10	昔闻屡欢昔	入平去平入	Z?ZPZ	入/平去/去/平/入
7b5879330c2d7c44aa63b6b357663872	刘孝绰	咏百舌诗	梁	5	11	今听忽悲今	平平入平平	P?ZPP	平/平上去/入/平/平
7b5879330c2d7c44aa63b6b357663872	刘孝绰	咏百舌诗	梁	5	12	听闻非殊异	?平平平?	??PP?	平上去/平去/平/平/平去
7b5879330c2d7c44aa63b6b357663872	刘孝绰	咏百舌诗	梁	5	13	迟暮独伤心	平去入平平	PZZ?P	平/去/入/平去/平
7b5879330c2d7c443dfbda788a469b3b	刘孝绰	酬陆长史倕诗	梁	5	0	王粲始一别	?去上入?	?ZZZZ	平去/去/上/入/去入
7b5879330c2d7c443dfbda788a469b3b	刘孝绰	酬陆长史倕诗	梁	5	1	犹且叹风云	?上?平平	????P	平去/平上/平去/平去/平
7b5879330c2d7c443dfbda788a469b3b	刘孝绰	酬陆长史倕诗	梁	5	2	况余屡之远	去平去平?	ZPZPZ	去/平/去/平/上去
7b5879330c2d7c443dfbda788a469b3b	刘孝绰	酬陆长史倕诗	梁	5	3	与子亟离群	?上?平平	?ZZ?P	平上去/上/去入/平去/平
7b5879330c2d7c443dfbda788a469b3b	刘孝绰	酬陆长史倕诗	梁	5	4	如何持此念	?平平上去	??PZZ	平去/平上/平/上/去
7b5879330c2d7c443dfbda788a469b3b	刘孝绰	酬陆长史倕诗	梁	5	5	复为今日分	??平入?	Z?PZ?	去入/平去/平/入/平去
7b5879330c2d7c443dfbda788a469b3b	刘孝绰	酬陆长史倕诗	梁	5	6	分悲宛如昨	?平?平入	?P??Z	平去/平/平上/平去/入
7b5879330c2d7c443dfbda788a469b3b	刘孝绰	酬陆长史倕诗	梁	5	7	弦望殊挥霍	??平平入	??PPZ	平去/平去/平/平/入
7b5879330c2d7c443dfbda788a469b3b	刘孝绰	酬陆长史倕诗	梁	5	8	行舟虽不见	?平平入去	?PP?Z	平去/平/平/平上入/去
7b5879330c2d7c443dfbda788a469b3b	刘孝绰	酬陆长史倕诗	梁	5	9	行程犹可度	?平?上?	?P?ZZ	平去/平/平去/上/去入
7b5879330c2d7c443dfbda788a469b3b	刘孝绰	酬陆长史倕诗	梁	5	10	度君路应远	?平去平?	ZPZ?Z	去入/平/去/平去/上去
7b5879330c2d7c443dfbda788a469b3b	刘孝绰	酬陆长史倕诗	梁	5	11	期寄新诗返	平去平平上	PZPPZ	平/去/平/平/上
7b5879330c2d7c443dfbda788a469b3b	刘孝绰	酬陆长史倕诗	梁	5	12	相望且相思	???平?	?????	平去/平去/平上/平去/平去
7b5879330c2d7c443dfbda788a469b3b	刘孝绰	酬陆长史倕诗	梁	5	13	劳朝复劳晚	?平?平上	?PZ?Z	平去/平/去入/平去/上
7b5879330c2d7c443dfbda788a469b3b	刘孝绰	酬陆长史倕诗	梁	5	14	薄暮阍人进	入去平平去	ZZPPZ	入/去/平/平/去
7b5879330c2d7c443dfbda788a469b3b	刘孝绰	酬陆长史倕诗	梁	5	15	果得承芳信	上入平平去	ZZPPZ	上/入/平/平/去
7b5879330c2d7c443dfbda788a469b3b	刘孝绰	酬陆长史倕诗	梁	5	16	殷勤览妙书	平平上去平	PPZZP	平/平/上/去/平
7b5879330c2d7c443dfbda788a469b3b	刘孝绰	酬陆长史倕诗	梁	5	17	留连披雅韵	?平?上去	?P?ZZ	平去/平/平上/上/去
7b5879330c2d7c443dfbda788a469b3b	刘孝绰	酬陆长史倕诗	梁	5	18	冽洲财赋总	入平平去上	ZPPZZ	入/平/平/去/上
7b5879330c2d7c443dfbda788a469b3b	刘孝绰	酬陆长史倕诗	梁	5	19	慈山行旅镇	平平?上?	PP?Z?	平/平/平去/上/平去
7b5879330c2d7c443dfbda788a469b3b	刘孝绰	酬陆长史倕诗	梁	5	20	已切临睨情	???去平	ZZ?ZP	上去/去入/平去/去/平
7b5879330c2d7c443dfbda788a469b3b	刘孝绰	酬陆长史倕诗	梁	5	21	遽动思归引	去上?平?	ZZ?PZ	去/上/平去/平/上去
7b5879330c2d7c443dfbda788a469b3b	刘孝绰	酬陆长史倕诗	梁	5	22	归欤不可即	平??上入	P??ZZ	平/平上去/平上入/上/入
7b5879330c2d7c443dfbda788a469b3b	刘孝绰	酬陆长史倕诗	梁	5	23	前途方未极	平平平去入	PPPZZ	平/平/平/去/入
7b5879330c2d7c443dfbda788a469b3b	刘孝绰	酬陆长史倕诗	梁	5	24	览讽欲谖诮	上去入?去	ZZZ?Z	上/去/入/平上/去
7b5879330c2d7c443dfbda788a469b3b	刘孝绰	酬陆长史倕诗	梁	5	25	研寻还慨息	?平平去入	?PPZZ	平去/平/平/去/入
7b5879330c2d7c443dfbda788a469b3b	刘孝绰	酬陆长史倕诗	梁	5	26	来喻勖雕金	平去?平平	PZ?PP	平/去//平/平
7b5879330c2d7c443dfbda788a469b3b	刘孝绰	酬陆长史倕诗	梁	5	27	比质非所任	??平上?	?ZPZ?	平上去入/去入/平/上/平去
7b5879330c2d7c443dfbda788a469b3b	刘孝绰	酬陆长史倕诗	梁	5	28	虚薄无时用	平入平平去	PZPPZ	平/入/平/平/去
7b5879330c2d7c443dfbda788a469b3b	刘孝绰	酬陆长史倕诗	梁	5	29	徘徊守故林	平平?去平	PPZZP	平/平/上去/去/平
7b5879330c2d7c443dfbda788a469b3b	刘孝绰	酬陆长史倕诗	梁	5	30	屏居青门外	?平平平去	?PPPZ	平上/平/平/平/去
7b5879330c2d7c443dfbda788a469b3b	刘孝绰	酬陆长史倕诗	梁	5	31	结宇霸城阴	入上去平平	ZZZPP	入/上/去/平/平
7b5879330c2d7c443dfbda788a469b3b	刘孝绰	酬陆长史倕诗	梁	5	32	竹庭已南映	入平?平?	ZPZPZ	入/平/上去/平/上去
7b5879330c2d7c443dfbda788a469b3b	刘孝绰	酬陆长史倕诗	梁	5	33	池牖复东临	平上?平?	PZZP?	平/上/去入/平/平去
7b5879330c2d7c443dfbda788a469b3b	刘孝绰	酬陆长史倕诗	梁	5	34	乔柯贯檐上	平平?平?	PP?PZ	平/平/平去/平/上去
7b5879330c2d7c443dfbda788a469b3b	刘孝绰	酬陆长史倕诗	梁	5	35	垂条拂户阴	平平入上平	PPZZP	平/平/入/上/平
7b5879330c2d7c443dfbda788a469b3b	刘孝绰	酬陆长史倕诗	梁	5	36	条开风暂入	平平?去入	PP?ZZ	平/平/平去/去/入
7b5879330c2d7c443dfbda788a469b3b	刘孝绰	酬陆长史倕诗	梁	5	37	叶合影还沈	入入上平?	ZZZP?	入/入/上/平/平上去
7b5879330c2d7c443dfbda788a469b3b	刘孝绰	酬陆长史倕诗	梁	5	38	帷屏溽早露	平?入上去	P?ZZZ	平/平上/入/上/去
7b5879330c2d7c443dfbda788a469b3b	刘孝绰	酬陆长史倕诗	梁	5	39	阶霤扰昏禽	平去上平平	PZZPP	平/去/上/平/平
7b5879330c2d7c443dfbda788a469b3b	刘孝绰	酬陆长史倕诗	梁	5	40	衡门谢车马	平平去平上	PPZPZ	平/平/去/平/上
7b5879330c2d7c443dfbda788a469b3b	刘孝绰	酬陆长史倕诗	梁	5	41	宾席简衣簪	平入上平平	PZZ?P	平/入/上/平去/平
7b5879330c2d7c443dfbda788a469b3b	刘孝绰	酬陆长史倕诗	梁	5	42	虽愧阳陵曲	平去平平入	PZPPZ	平/去/平/平/入
7b5879330c2d7c443dfbda788a469b3b	刘孝绰	酬陆长史倕诗	梁	5	43	宁无流水琴	?平平上平	?PPZP	平上去/平/平/上/平
7b5879330c2d7c443dfbda788a469b3b	刘孝绰	酬陆长史倕诗	梁	5	44	萧条聊属和	平平平入?	PPPZ?	平/平/平/入/平去
7b5879330c2d7c443dfbda788a469b3b	刘孝绰	酬陆长史倕诗	梁	5	45	寂寞少知音	入入?平平	ZZZPP	入/入/上去/平/平
7b5879330c2d7c443dfbda788a469b3b	刘孝绰	酬陆长史倕诗	梁	5	46	平生竟何托	平平去平入	P?Z?Z	平/平去/去/平上/入
7b5879330c2d7c443dfbda788a469b3b	刘孝绰	酬陆长史倕诗	梁	5	47	怀抱共君深	平上?平?	PZ?P?	平/上/平去/平/平去
7b5879330c2d7c443dfbda788a469b3b	刘孝绰	酬陆长史倕诗	梁	5	48	一朝四美废	入平去上去	ZPZZZ	入/平/去/上/去
7b5879330c2d7c443dfbda788a469b3b	刘孝绰	酬陆长史倕诗	梁	5	49	方见百忧侵	平去入平平	PZZ?P	平/去/入/平去/平
7b5879330c2d7c443dfbda788a469b3b	刘孝绰	酬陆长史倕诗	梁	5	50	曰余滥官守	入平?平?	ZPZPZ	入/平/上去/平/上去
7b5879330c2d7c443dfbda788a469b3b	刘孝绰	酬陆长史倕诗	梁	5	51	因之溯庐久	平平?平上	PP?PZ	平/平//平/上
7b5879330c2d7c443dfbda788a469b3b	刘孝绰	酬陆长史倕诗	梁	5	52	水接浅原阴	上入?平平	ZZ?PP	上/入/平上/平/平
7b5879330c2d7c443dfbda788a469b3b	刘孝绰	酬陆长史倕诗	梁	5	53	山带荆门右	平去平平?	PZPPZ	平/去/平/平/上去
7b5879330c2d7c443dfbda788a469b3b	刘孝绰	酬陆长史倕诗	梁	5	54	从容少职事	?平?入去	?PZZZ	平去/平/上去/入/去
7b5879330c2d7c443dfbda788a469b3b	刘孝绰	酬陆长史倕诗	梁	5	55	疲病疏僚友	平去?平上	PZ??Z	平/去/平去/平上/上
7b5879330c2d7c443dfbda788a469b3b	刘孝绰	酬陆长史倕诗	梁	5	56	命驾独寻幽	去去入平平	ZZZPP	去/去/入/平/平
7b5879330c2d7c443dfbda788a469b3b	刘孝绰	酬陆长史倕诗	梁	5	57	淹留宿庐阜	?平?平上	??ZPZ	平去/平去/去入/平/上
7b5879330c2d7c443dfbda788a469b3b	刘孝绰	酬陆长史倕诗	梁	5	58	庐阜擅高名	平上去平平	PZZPP	平/上/去/平/平
7b5879330c2d7c443dfbda788a469b3b	刘孝绰	酬陆长史倕诗	梁	5	59	岧岧凌太清	平平平去平	PPPZP	平/平/平/去/平
7b5879330c2d7c443dfbda788a469b3b	刘孝绰	酬陆长史倕诗	梁	5	60	舒云类紫府	平平去上上	PPZZZ	平/平/去/上/上
7b5879330c2d7c443dfbda788a469b3b	刘孝绰	酬陆长史倕诗	梁	5	61	标霞同赤城	?平?入平	?P?ZP	平上/平/平去/入/平
7b5879330c2d7c443dfbda788a469b3b	刘孝绰	酬陆长史倕诗	梁	5	62	北上轮难进	入?平平去	ZZP?Z	入/上去/平/平去/去
7b5879330c2d7c443dfbda788a469b3b	刘孝绰	酬陆长史倕诗	梁	5	63	东封马易惊	平平上入平	P?ZZP	平/平去/上/去入/平
7b5879330c2d7c443dfbda788a469b3b	刘孝绰	酬陆长史倕诗	梁	5	64	未若兹山险	去?平平上	Z?PPZ	去/平上入/平/平/上
7b5879330c2d7c443dfbda788a469b3b	刘孝绰	酬陆长史倕诗	梁	5	65	车骑息逢迎	平去入平?	P?ZP?	平/平去/入/平/平去
7b5879330c2d7c443dfbda788a469b3b	刘孝绰	酬陆长史倕诗	梁	5	66	山横路似绝	平平去上入	P?ZZZ	平/平去/去/上/入
7b5879330c2d7c443dfbda788a469b3b	刘孝绰	酬陆长史倕诗	梁	5	67	径侧树如倾	去入?平平	ZZZ?P	去/入/上去/平去/平
7b5879330c2d7c443dfbda788a469b3b	刘孝绰	酬陆长史倕诗	梁	5	68	蒙笼乍一启	?平去入上	??ZZZ	平上/平上/去/入/上
7b5879330c2d7c443dfbda788a469b3b	刘孝绰	酬陆长史倕诗	梁	5	69	磥硊无暂平	上上平去平	ZZPZP	上/上/平/去/平
7b5879330c2d7c443dfbda788a469b3b	刘孝绰	酬陆长史倕诗	梁	5	70	倚岩忽回望	?平入平?	ZPZ??	上去/平/入/平去/平去
7b5879330c2d7c443dfbda788a469b3b	刘孝绰	酬陆长史倕诗	梁	5	71	援萝遂上征	?平去??	?PZZ?	平去/平/去/上去/平上
7b5879330c2d7c443dfbda788a469b3b	刘孝绰	酬陆长史倕诗	梁	5	72	乍观秦帝石	去平平去入	Z?PZZ	去/平去/平/去/入
7b5879330c2d7c443dfbda788a469b3b	刘孝绰	酬陆长史倕诗	梁	5	73	复憩周王城	?去平平平	ZZP?P	去入/去/平/平去/平
7b5879330c2d7c443dfbda788a469b3b	刘孝绰	酬陆长史倕诗	梁	5	74	交峰隐玉霤	平平?入去	PPZZZ	平/平/上去/入/去
7b5879330c2d7c443dfbda788a469b3b	刘孝绰	酬陆长史倕诗	梁	5	75	对涧距金楹	去去上平平	ZZZPP	去/去/上/平/平
7b5879330c2d7c443dfbda788a469b3b	刘孝绰	酬陆长史倕诗	梁	5	76	风传凤台琯	?平去平?	??ZPZ	平去/平去/去/平/上去
7b5879330c2d7c443dfbda788a469b3b	刘孝绰	酬陆长史倕诗	梁	5	77	云渡洛宾笙	平去入平平	PZZPP	平/去/入/平/平
7b5879330c2d7c443dfbda788a469b3b	刘孝绰	酬陆长史倕诗	梁	5	78	紫书时不至	上平平入去	ZPP?Z	上/平/平/平上入/去
7b5879330c2d7c443dfbda788a469b3b	刘孝绰	酬陆长史倕诗	梁	5	79	丹炉且未成	平平?去平	PP?ZP	平/平/平上/去/平
7b5879330c2d7c443dfbda788a469b3b	刘孝绰	酬陆长史倕诗	梁	5	80	无因追羽翮	平平平上入	PPPZZ	平/平/平/上去/入
7b5879330c2d7c443dfbda788a469b3b	刘孝绰	酬陆长史倕诗	梁	5	81	及尔宴蓬瀛	入上?平平	ZZZPP	入/上/上去/平/平
7b5879330c2d7c443dfbda788a469b3b	刘孝绰	酬陆长史倕诗	梁	5	82	蓬瀛不可托	平平?上入	PP?ZZ	平/平/平上入/上/入
7b5879330c2d7c443dfbda788a469b3b	刘孝绰	酬陆长史倕诗	梁	5	83	怅然反城郭	去平?平入	ZP?PZ	去/平/平上/平/入
7b5879330c2d7c443dfbda788a469b3b	刘孝绰	酬陆长史倕诗	梁	5	84	时过马鸣院	平去上平?	P?ZP?	平/平去/上/平/平去
7b5879330c2d7c443dfbda788a469b3b	刘孝绰	酬陆长史倕诗	梁	5	85	偶憩鹿园阁	?去入平入	ZZZPZ	上去/去/入/平/入
7b5879330c2d7c443dfbda788a469b3b	刘孝绰	酬陆长史倕诗	梁	5	86	既异人世劳	去去平去?	Z?PZ?	去/平去/平/去/平去
7b5879330c2d7c443dfbda788a469b3b	刘孝绰	酬陆长史倕诗	梁	5	87	聊比化城乐	平?去平?	P?ZPZ	平/平上去入/去/平/去入
7b5879330c2d7c443dfbda788a469b3b	刘孝绰	酬陆长史倕诗	梁	5	88	影塔图花树	上入平平?	ZZPPZ	上/入/平/平/上去
7b5879330c2d7c443dfbda788a469b3b	刘孝绰	酬陆长史倕诗	梁	5	89	经台总香药	?平上平入	?PZPZ	平去/平/上/平/入
7b5879330c2d7c443dfbda788a469b3b	刘孝绰	酬陆长史倕诗	梁	5	90	月殿曜朱幡	入去去平平	ZZZPP	入/去/去/平/平
7b5879330c2d7c443dfbda788a469b3b	刘孝绰	酬陆长史倕诗	梁	5	91	风轮和宝铎	?平?上入	?P?ZZ	平去/平/平去/上/入
7b5879330c2d7c443dfbda788a469b3b	刘孝绰	酬陆长史倕诗	梁	5	92	园桓即重岭	平平入??	PPZ??	平/平/入/平上去/平上
7b5879330c2d7c443dfbda788a469b3b	刘孝绰	酬陆长史倕诗	梁	5	93	阶基仍巨壑	平平平上入	PPPZZ	平/平/平/上/入
7b5879330c2d7c443dfbda788a469b3b	刘孝绰	酬陆长史倕诗	梁	5	94	朝猿响甍栋	平平上平去	PPZPZ	平/平/上/平/去
7b5879330c2d7c443dfbda788a469b3b	刘孝绰	酬陆长史倕诗	梁	5	95	夜水声帷薄	去上平平入	ZZPPZ	去/上/平/平/入
7b5879330c2d7c443dfbda788a469b3b	刘孝绰	酬陆长史倕诗	梁	5	96	馀景骛登临	平上去平?	PZZP?	平/上/去/平/平去
7b5879330c2d7c443dfbda788a469b3b	刘孝绰	酬陆长史倕诗	梁	5	97	方宵尽谈谑	平平上平入	PPZPZ	平/平/上/平/入
7b5879330c2d7c443dfbda788a469b3b	刘孝绰	酬陆长史倕诗	梁	5	98	谈谑有名僧	平入上平平	PZZPP	平/入/上/平/平
7b5879330c2d7c443dfbda788a469b3b	刘孝绰	酬陆长史倕诗	梁	5	99	慧义似传灯	去去上平平	ZZZ?P	去/去/上/平去/平
7b5879330c2d7c443dfbda788a469b3b	刘孝绰	酬陆长史倕诗	梁	5	100	远师教逾阐	?平?平上	ZP?PZ	上去/平/平去/平/上
7b5879330c2d7c443dfbda788a469b3b	刘孝绰	酬陆长史倕诗	梁	5	101	生公道复弘	?平上?平	?PZZP	平去/平/上/去入/平
7b5879330c2d7c443dfbda788a469b3b	刘孝绰	酬陆长史倕诗	梁	5	102	小乘非汲引	上平平入?	Z?PZZ	上/平去/平/入/上去
7b5879330c2d7c443dfbda788a469b3b	刘孝绰	酬陆长史倕诗	梁	5	103	法善招报能	入上平去?	ZZPZ?	入/上/平/去/平上去
7b5879330c2d7c443dfbda788a469b3b	刘孝绰	酬陆长史倕诗	梁	5	104	积迷顿已悟	?平去?去	ZPZZZ	去入/平/去/上去/去
7b5879330c2d7c443dfbda788a469b3b	刘孝绰	酬陆长史倕诗	梁	5	105	为欢得未曾	?平入去平	?PZZP	平去/平/入/去/平
7b5879330c2d7c443dfbda788a469b3b	刘孝绰	酬陆长史倕诗	梁	5	106	为欢诚已往	?平平?上	?PPZZ	平去/平/平/上去/上
7b5879330c2d7c443dfbda788a469b3b	刘孝绰	酬陆长史倕诗	梁	5	107	坐卧犹怀想	?去?平上	ZZ?PZ	上去/去/平去/平/上
7b5879330c2d7c443dfbda788a469b3b	刘孝绰	酬陆长史倕诗	梁	5	108	况复心所积	去?平上?	ZZPZZ	去/去入/平/上/去入
7b5879330c2d7c443dfbda788a469b3b	刘孝绰	酬陆长史倕诗	梁	5	109	兹地多谐赏	平去平平上	PZPPZ	平/去/平/平/上
7b5879330c2d7c443dfbda788a469b3b	刘孝绰	酬陆长史倕诗	梁	5	110	惜哉无轻轴	入平平平入	ZPP?Z	入/平/平/平去/入
7b5879330c2d7c443dfbda788a469b3b	刘孝绰	酬陆长史倕诗	梁	5	111	更泛轮湖上	??平平?	??PPZ	平去/平去入/平/平/上去
7b5879330c2d7c443dfbda788a469b3b	刘孝绰	酬陆长史倕诗	梁	5	112	可思不可见	上平?上去	Z??ZZ	上/平去/平上入/上/去
7b5879330c2d7c443dfbda788a469b3b	刘孝绰	酬陆长史倕诗	梁	5	113	离念空盈荡	?去?平?	?Z?P?	平去/去/平去/平/平上去
7b5879330c2d7c443dfbda788a469b3b	刘孝绰	酬陆长史倕诗	梁	5	114	贾生傅南国	?平去平入	Z?ZPZ	上去/平去/去/平/入
7b5879330c2d7c443dfbda788a469b3b	刘孝绰	酬陆长史倕诗	梁	5	115	平子相东阿	平上?平平	PZ?PP	平/上/平去/平/平
7b5879330c2d7c443dfbda788a469b3b	刘孝绰	酬陆长史倕诗	梁	5	116	优游匡赞罢	平平平去?	PPPZ?	平/平/平/去/平上
7b5879330c2d7c443dfbda788a469b3b	刘孝绰	酬陆长史倕诗	梁	5	117	纵横辞赋多	?平平去平	??PZP	平去/平去/平/去/平
7b5879330c2d7c443dfbda788a469b3b	刘孝绰	酬陆长史倕诗	梁	5	118	方才幸同贯	平平上平?	P?Z??	平/平去/上/平去/平去
7b5879330c2d7c443dfbda788a469b3b	刘孝绰	酬陆长史倕诗	梁	5	119	无令绝咏歌	平?入去平	P?ZZP	平/平去/入/去/平
7b5879330c2d7c443dfbda788a469b3b	刘孝绰	酬陆长史倕诗	梁	5	120	幽谷虽云阻	平入平平?	PZPPZ	平/入/平/平/上去
7b5879330c2d7c443dfbda788a469b3b	刘孝绰	酬陆长史倕诗	梁	5	121	烦君计吏过	平平去去?	PPZZ?	平/平/去/去/平去
7b5879330c2d7c445cf89a3207a0e975	刘孝绰	咏小儿采菱诗	梁	5	0	采菱非采菉	上平平上入	ZPPZZ	上/平/平/上/入
7b5879330c2d7c445cf89a3207a0e975	刘孝绰	咏小儿采菱诗	梁	5	1	日暮且盈舠	入去?平平	ZZ?PP	入/去/平上/平/平
7b5879330c2d7c445cf89a3207a0e975	刘孝绰	咏小儿采菱诗	梁	5	2	踟蹰未敢进	平平去上去	PPZZZ	平/平/去/上/去
7b5879330c2d7c445cf89a3207a0e975	刘孝绰	咏小儿采菱诗	梁	5	3	畏欲比残桃	去入?平平	ZZ?PP	去/入/平上去入/平/平
7b58793319527080c64eb17c43539803	何逊	慈姥矶	梁	5	0	暮烟起遥岸	去平上平去	Z?ZPZ	去/平去/上/平/去
7b58793319527080c64eb17c43539803	何逊	慈姥矶	梁	5	1	斜日照安流	平入去平平	PZZPP	平/入/去/平/平
7b58793319527080c64eb17c43539803	何逊	慈姥矶	梁	5	2	一同心赏夕	入平平上入	Z?PZZ	入/平去/平/上/入
7b58793319527080c64eb17c43539803	何逊	慈姥矶	梁	5	3	暂解去乡忧	去上?平?	ZZZP?	去/上去/上去/平/平去
7b58793319527080c64eb17c43539803	何逊	慈姥矶	梁	5	4	野岸平沙合	上去平平入	ZZP?Z	上/去/平/平去/入
7b58793319527080c64eb17c43539803	何逊	慈姥矶	梁	5	5	连山远雾浮	平平?去平	PPZZP	平/平/上去/去/平
7b58793319527080c64eb17c43539803	何逊	慈姥矶	梁	5	6	客悲不自已	入平?去?	ZP?ZZ	入/平/平上入/去/上去
7b58793319527080c64eb17c43539803	何逊	慈姥矶	梁	5	7	江上望归舟	平??平平	PZ?PP	平/上去/平去/平/平
7b58793319527080c7744045016afc78	何逊	扬州法曹梅花盛开	梁	5	0	兔园标物序	去平?入上	ZP?ZZ	去/平/平上/入/上
7b58793319527080c7744045016afc78	何逊	扬州法曹梅花盛开	梁	5	1	惊时最是梅	平平去上平	PPZZP	平/平/去/上/平
7b58793319527080c7744045016afc78	何逊	扬州法曹梅花盛开	梁	5	2	衔霜当路发	平平?去入	PP?ZZ	平/平/平去/去/入
7b58793319527080c7744045016afc78	何逊	扬州法曹梅花盛开	梁	5	3	映雪拟寒开	?入上平平	ZZZPP	上去/入/上/平/平
7b58793319527080c7744045016afc78	何逊	扬州法曹梅花盛开	梁	5	4	枝横却月观	平平入入?	P?ZZ?	平/平去/入/入/平去
7b58793319527080c7744045016afc78	何逊	扬州法曹梅花盛开	梁	5	5	花绕凌风台	平?平平平	PZP?P	平/上去/平/平去/平
7b58793319527080c7744045016afc78	何逊	扬州法曹梅花盛开	梁	5	6	朝洒长门泣	平??平入	PZ?PZ	平/上去/平上去/平/入
7b58793319527080c7744045016afc78	何逊	扬州法曹梅花盛开	梁	5	7	夕驻临邛杯	入去?平平	ZZ?PP	入/去/平去/平/平
7b58793319527080c7744045016afc78	何逊	扬州法曹梅花盛开	梁	5	8	应知早飘落	?平上平入	?PZPZ	平去/平/上/平/入
7b58793319527080c7744045016afc78	何逊	扬州法曹梅花盛开	梁	5	9	故逐上春来	去入?平平	ZZZPP	去/入/上去/平/平
7b587933195270809209f17a6ff365ef	何逊	与胡兴安夜别	梁	5	0	居人行转轼	平平?上入	PP?ZZ	平/平/平去/上去/入
7b587933195270809209f17a6ff365ef	何逊	与胡兴安夜别	梁	5	1	客子暂维舟	入上去平平	ZZZPP	入/上/去/平/平
7b587933195270809209f17a6ff365ef	何逊	与胡兴安夜别	梁	5	2	念此一筵笑	去上入平去	ZZZPZ	去/上/入/平/去
7b587933195270809209f17a6ff365ef	何逊	与胡兴安夜别	梁	5	3	分为两地愁	???去平	??ZZP	平去/平去/上去/去/平
7b587933195270809209f17a6ff365ef	何逊	与胡兴安夜别	梁	5	4	露湿寒塘草	去入平平上	ZZPPZ	去/入/平/平/上
7b587933195270809209f17a6ff365ef	何逊	与胡兴安夜别	梁	5	5	月映清淮流	入?平平平	ZZPPP	入/上去/平/平/平
7b587933195270809209f17a6ff365ef	何逊	与胡兴安夜别	梁	5	6	方抱新离恨	平上平平去	PZP?Z	平/上/平/平去/去
7b587933195270809209f17a6ff365ef	何逊	与胡兴安夜别	梁	5	7	独守故园秋	入上去平平	ZZZPP	入/上去/去/平/平
7b587933195270801c8faf66b7da6e9a	何逊	夜梦故人	梁	5	0	客心惊夜魂	入平平去?	ZPPZ?	入/平/平/去/
7b587933195270801c8faf66b7da6e9a	何逊	夜梦故人	梁	5	1	言与故人同	平?去平?	P?ZP?	平/平上去/去/平/平去
7b587933195270801c8faf66b7da6e9a	何逊	夜梦故人	梁	5	2	开帘觉水动	平平?上上	PPZZZ	平/平/去入/上/上
7b587933195270801c8faf66b7da6e9a	何逊	夜梦故人	梁	5	3	映竹见床空	?入去平?	ZZZP?	上去/入/去/平/平去
7b587933195270801c8faf66b7da6e9a	何逊	夜梦故人	梁	5	4	浦口望斜月	上上?平入	ZZ?PZ	上/上/平去/平/入
7b587933195270801c8faf66b7da6e9a	何逊	夜梦故人	梁	5	5	洲外闻长风	平去?平?	PZ???	平/去/平去/平上去/平去
7b587933195270801c8faf66b7da6e9a	何逊	夜梦故人	梁	5	6	九秋时未晚	上平平去上	ZPPZZ	上/平/平/去/上
7b587933195270801c8faf66b7da6e9a	何逊	夜梦故人	梁	5	7	千里路难穷	平上去平平	PZZ?P	平/上/去/平去/平
7b587933195270801c8faf66b7da6e9a	何逊	夜梦故人	梁	5	8	已如臃肿木	?平?上入	Z??ZZ	上去/平去//上/入
7b587933195270801c8faf66b7da6e9a	何逊	夜梦故人	梁	5	9	复似飘飖蓬	?上平平平	ZZPPP	去入/上/平/平/平
7b587933195270801c8faf66b7da6e9a	何逊	夜梦故人	梁	5	10	相思不可寄	?平?上去	???ZZ	平去/平去/平上入/上/去
7b587933195270801c8faf66b7da6e9a	何逊	夜梦故人	梁	5	11	直在寸心中	入?去平?	ZZZP?	入/上去/去/平/平去
7b58793319527080b782dced9c538fdc	何逊	临行与故游夜别	梁	5	0	历稔共追随	入上?平平	ZZ?PP	入/上/平去/平/平
7b58793319527080b782dced9c538fdc	何逊	临行与故游夜别	梁	5	1	一旦辞群匹	入去平平入	ZZPPZ	入/去/平/平/入
7b58793319527080b782dced9c538fdc	何逊	临行与故游夜别	梁	5	2	复如东注水	?平平去上	Z?PZZ	去入/平去/平/去/上
7b58793319527080b782dced9c538fdc	何逊	临行与故游夜别	梁	5	3	未有西归日	去上平平入	ZZPPZ	去/上/平/平/入
7b58793319527080b782dced9c538fdc	何逊	临行与故游夜别	梁	5	4	夜雨滴空阶	去上入平平	ZZZ?P	去/上去/入/平去/平
7b58793319527080b782dced9c538fdc	何逊	临行与故游夜别	梁	5	5	晓灯暗离室	上平去平入	ZPZ?Z	上/平/去/平去/入
7b58793319527080b782dced9c538fdc	何逊	临行与故游夜别	梁	5	6	相悲各罢酒	?平入?上	?PZ?Z	平去/平/入/平上/上
7b58793319527080b782dced9c538fdc	何逊	临行与故游夜别	梁	5	7	何时同促膝	?平?入入	?P?ZZ	平上/平/平去/入/入
7b5879331952708017f70dc607dc110d	何逊	相送	梁	5	0	客心已百念	入平?入去	ZPZZZ	入/平/上去/入/去
7b5879331952708017f70dc607dc110d	何逊	相送	梁	5	1	孤游重千里	平平?平上	PP?PZ	平/平/平上去/平/上
7b5879331952708017f70dc607dc110d	何逊	相送	梁	5	2	江暗雨欲来	平去?入平	PZZZP	平/去/上去/入/平
7b5879331952708017f70dc607dc110d	何逊	相送	梁	5	3	浪白风初起	?入?平上	?Z?PZ	平去/入/平去/平/上
7b587933195270802502f0eb4acdd06c	何逊	行经孙氏陵	梁	5	0	昔在零陵厌	入??平?	ZZ?PZ	入/上去/平去/平/上去入
7b587933195270802502f0eb4acdd06c	何逊	行经孙氏陵	梁	5	1	神器若无依	平去?平平	PZ?PP	平/去/平上入/平/平
7b587933195270802502f0eb4acdd06c	何逊	行经孙氏陵	梁	5	2	逐兔争先捷	入去平平入	ZZP?Z	入/去/平/平去/入
7b587933195270802502f0eb4acdd06c	何逊	行经孙氏陵	梁	5	3	掎鹿竞因机	?入去平?	?ZZP?	平上去/入/去/平/平上
7b587933195270802502f0eb4acdd06c	何逊	行经孙氏陵	梁	5	4	呼吸开伯道	平入平入上	PZPZZ	平/入/平/入/上
7b587933195270802502f0eb4acdd06c	何逊	行经孙氏陵	梁	5	5	叱咤掩江畿	入?上平平	Z?ZPP	入/平去/上/平/平
7b587933195270802502f0eb4acdd06c	何逊	行经孙氏陵	梁	5	6	豹变分奇略	去去?平入	ZZ?PZ	去/去/平去/平/入
7b587933195270802502f0eb4acdd06c	何逊	行经孙氏陵	梁	5	7	虎视肃戎威	上?入平平	ZZZPP	上/上去/入/平/平
7b587933195270802502f0eb4acdd06c	何逊	行经孙氏陵	梁	5	8	长蛇衄巴汉	?平入平去	?PZPZ	平上去/平/入/平/去
7b587933195270802502f0eb4acdd06c	何逊	行经孙氏陵	梁	5	9	骥马绝淮淝	去上入平平	ZZZPP	去/上/入/平/平
7b587933195270802502f0eb4acdd06c	何逊	行经孙氏陵	梁	5	10	交战无内御	平去平去?	PZPZZ	平/去/平/去/上去
7b587933195270802502f0eb4acdd06c	何逊	行经孙氏陵	梁	5	11	重门岂外扉	?平上去平	?PZZP	平上去/平/上/去/平
7b587933195270802502f0eb4acdd06c	何逊	行经孙氏陵	梁	5	12	成功举已弃	平平上?去	PPZZZ	平/平/上/上去/去
7b587933195270802502f0eb4acdd06c	何逊	行经孙氏陵	梁	5	13	凶德愎而违	?入入平平	?ZZPP	平上/入/入/平/平
7b587933195270802502f0eb4acdd06c	何逊	行经孙氏陵	梁	5	14	水龙忽东骛	上平入平去	ZPZPZ	上/平/入/平/去
7b587933195270802502f0eb4acdd06c	何逊	行经孙氏陵	梁	5	15	青盖乃西归	平?上平平	PZZPP	平/去入/上/平/平
7b587933195270802502f0eb4acdd06c	何逊	行经孙氏陵	梁	5	16	朅来已永久	入平?上上	ZPZZZ	入/平/上去/上/上
7b587933195270802502f0eb4acdd06c	何逊	行经孙氏陵	梁	5	17	年代嗳微微	平去?平平	PZ?PP	平/去//平/平
7b587933195270802502f0eb4acdd06c	何逊	行经孙氏陵	梁	5	18	苔石疑文字	平入平平去	PZPPZ	平/入/平/平/去
7b587933195270802502f0eb4acdd06c	何逊	行经孙氏陵	梁	5	19	荆坟失是非	平平入上平	P?ZZP	平/平上/入/上/平
7b587933195270802502f0eb4acdd06c	何逊	行经孙氏陵	梁	5	20	山莺空曙响	平平?去上	PP?ZZ	平/平/平去/去/上
7b587933195270802502f0eb4acdd06c	何逊	行经孙氏陵	梁	5	21	陇月自秋晖	上入去平平	ZZZPP	上/入/去/平/平
7b587933195270802502f0eb4acdd06c	何逊	行经孙氏陵	梁	5	22	银海终无浪	平上平平?	PZPP?	平/上/平/平/平去
7b587933195270802502f0eb4acdd06c	何逊	行经孙氏陵	梁	5	23	金凫会不飞	平平去入平	PPZ?P	平/平/去/平上入/平
7b587933195270802502f0eb4acdd06c	何逊	行经孙氏陵	梁	5	24	阒寂今如此	入入平平上	ZZP?Z	入/入/平/平去/上
7b587933195270802502f0eb4acdd06c	何逊	行经孙氏陵	梁	5	25	望望沾人衣	???平?	???P?	平去/平去/平去/平/平去
7b5879331952708065f37959aa1d2e1f	何逊	春夕早泊和刘谘议落日望水	梁	5	0	旅人嗟倦游	上平平去平	ZPPZP	上/平/平/去/平
7b5879331952708065f37959aa1d2e1f	何逊	春夕早泊和刘谘议落日望水	梁	5	1	结缆坐春洲	入去?平平	ZZZPP	入/去/上去/平/平
7b5879331952708065f37959aa1d2e1f	何逊	春夕早泊和刘谘议落日望水	梁	5	2	日暮江风静	入去平平上	ZZP?Z	入/去/平/平去/上
7b5879331952708065f37959aa1d2e1f	何逊	春夕早泊和刘谘议落日望水	梁	5	3	中川闻棹讴	?平?去平	?P?ZP	平去/平/平去/去/平
7b5879331952708065f37959aa1d2e1f	何逊	春夕早泊和刘谘议落日望水	梁	5	4	草光天际合	上平平去入	Z?PZZ	上/平去/平/去/入
7b5879331952708065f37959aa1d2e1f	何逊	春夕早泊和刘谘议落日望水	梁	5	5	霞影水中浮	平上上平平	PZZ?P	平/上/上/平去/平
7b5879331952708065f37959aa1d2e1f	何逊	春夕早泊和刘谘议落日望水	梁	5	6	单舻时向浦	?平平去上	?PPZZ	平上去/平/平/上去/上
7b5879331952708065f37959aa1d2e1f	何逊	春夕早泊和刘谘议落日望水	梁	5	7	独楫乍乘流	入入去平平	ZZZ?P	入/入/去/平去/平
7b5879331952708065f37959aa1d2e1f	何逊	春夕早泊和刘谘议落日望水	梁	5	8	娈童泣垂钓	?平入平去	ZPZPZ	上去/平/入/平/去
7b5879331952708065f37959aa1d2e1f	何逊	春夕早泊和刘谘议落日望水	梁	5	9	妖姬哭荡舟	平平入?平	PPZ?P	平/平/入/平上去/平
7b5879331952708065f37959aa1d2e1f	何逊	春夕早泊和刘谘议落日望水	梁	5	10	客心自有绪	入平去上上	ZPZZZ	入/平/去/上/上
7b5879331952708065f37959aa1d2e1f	何逊	春夕早泊和刘谘议落日望水	梁	5	11	对此空复愁	去上??平	ZZ?ZP	去/上/平去/去入/平
7b587933195270804f57a8611308b714	何逊	入西塞示南府同僚	梁	5	0	露清晓风冷	去平上平?	ZPZ??	去/平/上/平去/平上
7b587933195270804f57a8611308b714	何逊	入西塞示南府同僚	梁	5	1	天曙江晃爽	平去平上上	PZPZZ	平/去/平/上/上
7b587933195270804f57a8611308b714	何逊	入西塞示南府同僚	梁	5	2	薄云岩际出	入平平去?	ZPPZZ	入/平/平/去/去入
7b587933195270804f57a8611308b714	何逊	入西塞示南府同僚	梁	5	3	初月波中上	平入平平?	PZP?Z	平/入/平/平去/上去
7b587933195270804f57a8611308b714	何逊	入西塞示南府同僚	梁	5	4	黯黯连嶂阴	?上平去平	??PZP	平上/平上/平/去/平
7b587933195270804f57a8611308b714	何逊	入西塞示南府同僚	梁	5	5	骚骚急沫响	平平入入上	PPZZZ	平/平/入/入/上
7b587933195270804f57a8611308b714	何逊	入西塞示南府同僚	梁	5	6	回楂急碍浪	?平入去?	?PZZ?	平去/平/入/去/平去
7b587933195270804f57a8611308b714	何逊	入西塞示南府同僚	梁	5	7	群飞争戏广	平平平去上	PPP?Z	平/平/平/平去/上
7b587933195270804f57a8611308b714	何逊	入西塞示南府同僚	梁	5	8	伊余本羁客	平平上平入	PPZPZ	平/平/上/平/入
7b587933195270804f57a8611308b714	何逊	入西塞示南府同僚	梁	5	9	重暌复心赏	?平?平上	??ZPZ	平上去//去入/平/上
7b587933195270804f57a8611308b714	何逊	入西塞示南府同僚	梁	5	10	望乡虽一路	?平平入去	?PPZZ	平去/平/平/入/去
7b587933195270804f57a8611308b714	何逊	入西塞示南府同僚	梁	5	11	怀归成二想	平平平去上	PPPZZ	平/平/平/去/上
7b587933195270804f57a8611308b714	何逊	入西塞示南府同僚	梁	5	12	在昔爱名山	?入去平平	ZZZPP	上去/入/去/平/平
7b587933195270804f57a8611308b714	何逊	入西塞示南府同僚	梁	5	13	自知欢独往	去平平入上	ZPPZZ	去/平/平/入/上
7b587933195270804f57a8611308b714	何逊	入西塞示南府同僚	梁	5	14	情游乃落魄	平平上入入	PPZZZ	平/平/上/入/入
7b587933195270804f57a8611308b714	何逊	入西塞示南府同僚	梁	5	15	得性随怡养	入去平平?	ZZPPZ	入/去/平/平/上去
7b587933195270804f57a8611308b714	何逊	入西塞示南府同僚	梁	5	16	年事以蹉跎	平去上平平	PZZPP	平/去/上/平/平
7b587933195270804f57a8611308b714	何逊	入西塞示南府同僚	梁	5	17	生平任浩荡	?平???	?P?Z?	平去/平/平去/上入/平上去
7b587933195270804f57a8611308b714	何逊	入西塞示南府同僚	梁	5	18	方还让夷路	平平去平去	PPZPZ	平/平/去/平/去
7b587933195270804f57a8611308b714	何逊	入西塞示南府同僚	梁	5	19	谁知羡鱼网	平平?平上	PP?PZ	平/平/平去/平/上
7b58793319527080356a8fff58b48ec4	何逊	赠王左丞	梁	5	0	櫩外莺啼罢	平去平平?	PZPP?	平/去/平/平/平上
7b58793319527080356a8fff58b48ec4	何逊	赠王左丞	梁	5	1	园里日光斜	平上入平平	PZZ?P	平/上/入/平去/平
7b58793319527080356a8fff58b48ec4	何逊	赠王左丞	梁	5	2	游鱼乱水叶	平平去上入	PPZZZ	平/平/去/上/入
7b58793319527080356a8fff58b48ec4	何逊	赠王左丞	梁	5	3	轻燕逐风花	?去入平平	??Z?P	平去/平去/入/平去/平
7b58793319527080356a8fff58b48ec4	何逊	赠王左丞	梁	5	4	长墟上寒霭	?平?平?	?PZPZ	平上去/平/上去/平/去入
7b58793319527080356a8fff58b48ec4	何逊	赠王左丞	梁	5	5	晓树没归霞	上?入平平	ZZZPP	上/上去/入/平/平
7b58793319527080356a8fff58b48ec4	何逊	赠王左丞	梁	5	6	九华暮已隐	上?去??	Z?ZZZ	上/平去/去/上去/上去
7b58793319527080356a8fff58b48ec4	何逊	赠王左丞	梁	5	7	抱郁徒交加	上入平平平	ZZPPP	上/入/平/平/平
7b5879331952708091e810da077b3f3e	何逊	下方山	梁	5	0	寒鸟树间响	平上?平上	PZZ?Z	平/上/上去//上
7b5879331952708091e810da077b3f3e	何逊	下方山	梁	5	1	落星川际浮	入平平去平	ZPPZP	入/平/平/去/平
7b5879331952708091e810da077b3f3e	何逊	下方山	梁	5	2	繁霜白晓岸	平平入上去	PPZZZ	平/平/入/上/去
7b5879331952708091e810da077b3f3e	何逊	下方山	梁	5	3	苦雾黑晨流	?去入平平	ZZZPP	上去/去/入/平/平
7b5879331952708091e810da077b3f3e	何逊	下方山	梁	5	4	鳞鳞逆去水	平平入?上	PPZZZ	平/平/入/上去/上
7b5879331952708091e810da077b3f3e	何逊	下方山	梁	5	5	弥弥急还舟	?平入平平	??ZPP	平上/平上/入/平/平
7b5879331952708091e810da077b3f3e	何逊	下方山	梁	5	6	望乡行复立	?平??入	?P?ZZ	平去/平/平去/去入/入
7b5879331952708091e810da077b3f3e	何逊	下方山	梁	5	7	瞻途近更修	平平??平	PPZ?P	平/平/上去/平去/平
7b5879331952708091e810da077b3f3e	何逊	下方山	梁	5	8	谁能百里地	平平入上去	P?ZZZ	平/平上去/入/上/去
7b5879331952708091e810da077b3f3e	何逊	下方山	梁	5	9	萦绕千端愁	平?平平平	PZPPP	平/上去/平/平/平
7b58793319527080e94fbec522945783	何逊	夕望江桥示萧谘议杨建康江主簿	梁	5	0	夕鸟已西度	入上?平?	ZZZPZ	入/上/上去/平/去入
7b58793319527080e94fbec522945783	何逊	夕望江桥示萧谘议杨建康江主簿	梁	5	1	残霞亦半消	平平入去平	PPZZP	平/平/入/去/平
7b58793319527080e94fbec522945783	何逊	夕望江桥示萧谘议杨建康江主簿	梁	5	2	风声动密竹	?平上入入	?PZZZ	平去/平/上/入/入
7b58793319527080e94fbec522945783	何逊	夕望江桥示萧谘议杨建康江主簿	梁	5	3	水影漾长桥	上上去平平	ZZZ?P	上/上/去/平上去/平
7b58793319527080e94fbec522945783	何逊	夕望江桥示萧谘议杨建康江主簿	梁	5	4	旅人多忧思	上平平平?	ZPP??	上/平/平/平去/平去
7b58793319527080e94fbec522945783	何逊	夕望江桥示萧谘议杨建康江主簿	梁	5	5	寒江复寂寥	平平?入?	PPZZ?	平/平/去入/入/平入
7b58793319527080e94fbec522945783	何逊	夕望江桥示萧谘议杨建康江主簿	梁	5	6	尔情深巩洛	上平?上入	ZP?ZZ	上/平/平去/上/入
7b58793319527080e94fbec522945783	何逊	夕望江桥示萧谘议杨建康江主簿	梁	5	7	予念返渔樵	?去上平平	?ZZPP	平上/去/上/平/平
7b58793319527080e94fbec522945783	何逊	夕望江桥示萧谘议杨建康江主簿	梁	5	8	何因适归愿	?平入平去	?PZPZ	平上/平/入/平/去
7b58793319527080e94fbec522945783	何逊	夕望江桥示萧谘议杨建康江主簿	梁	5	9	分路一扬镳	?去入平平	?ZZPP	平去/去/入/平/平
7b58793319527080b0e571d920fc87d0	何逊	赠诸游旧	梁	5	0	弱操不能植	入??平?	Z???Z	入/平去/平上入/平上去/去入
7b58793319527080b0e571d920fc87d0	何逊	赠诸游旧	梁	5	1	薄伎竞无依	入?去平平	Z?ZPP	入/平上去/去/平/平
7b58793319527080b0e571d920fc87d0	何逊	赠诸游旧	梁	5	2	浅智终已矣	?去平?上	?ZPZZ	平上/去/平/上去/上
7b58793319527080b0e571d920fc87d0	何逊	赠诸游旧	梁	5	3	令名安可希	?平平上平	?PPZP	平去/平/平/上/平
7b58793319527080b0e571d920fc87d0	何逊	赠诸游旧	梁	5	4	扰扰从役倦	上上?入去	ZZ?ZZ	上/上/平去/入/去
7b58793319527080b0e571d920fc87d0	何逊	赠诸游旧	梁	5	5	屑屑身事微	入入平去平	ZZPZP	入/入/平/去/平
7b58793319527080b0e571d920fc87d0	何逊	赠诸游旧	梁	5	6	少壮轻年月	?去?平入	ZZ?PZ	上去/去/平去/平/入
7b58793319527080b0e571d920fc87d0	何逊	赠诸游旧	梁	5	7	迟暮惜光辉	平去入平平	PZZ?P	平/去/入/平去/平
7b58793319527080b0e571d920fc87d0	何逊	赠诸游旧	梁	5	8	一涂今未是	入平平去上	ZPPZZ	入/平/平/去/上
7b58793319527080b0e571d920fc87d0	何逊	赠诸游旧	梁	5	9	万绪昨如非	?上入平平	ZZZ?P	去入/上/入/平去/平
7b58793319527080b0e571d920fc87d0	何逊	赠诸游旧	梁	5	10	新知虽已乐	平平平??	PPPZZ	平/平/平/上去/去入
7b58793319527080b0e571d920fc87d0	何逊	赠诸游旧	梁	5	11	旧爱尽暌违	去去上平平	ZZZ?P	去/去/上//平
7b58793319527080b0e571d920fc87d0	何逊	赠诸游旧	梁	5	12	望乡空引领	?平?上上	?P?ZZ	平去/平/平去/上去/上
7b58793319527080b0e571d920fc87d0	何逊	赠诸游旧	梁	5	13	极目泪沾衣	入入去平?	ZZZ??	入/入/去/平去/平去
7b58793319527080b0e571d920fc87d0	何逊	赠诸游旧	梁	5	14	旅客长憔悴	上入?平去	ZZ?PZ	上/入/平上去/平/去
7b58793319527080b0e571d920fc87d0	何逊	赠诸游旧	梁	5	15	春物自芳菲	平入去平?	PZZP?	平/入/去/平/平上去
7b58793319527080b0e571d920fc87d0	何逊	赠诸游旧	梁	5	16	岸花临水发	去平?上入	ZP?ZZ	去/平/平去/上/入
7b58793319527080b0e571d920fc87d0	何逊	赠诸游旧	梁	5	17	江燕绕樯飞	平去?平平	P?ZPP	平/平去/上去/平/平
7b58793319527080b0e571d920fc87d0	何逊	赠诸游旧	梁	5	18	无由下征帆	平平?平?	PPZ??	平/平/上去/平上/平去
7b58793319527080b0e571d920fc87d0	何逊	赠诸游旧	梁	5	19	独与暮潮归	入?去平平	Z?ZPP	入/平上去/去/平/平
7b58793319527080676f147326fbf2b3	何逊	日夕富阳浦口和朗公	梁	5	0	客心愁日暮	入平平入去	ZPPZZ	入/平/平/入/去
7b58793319527080676f147326fbf2b3	何逊	日夕富阳浦口和朗公	梁	5	1	徙倚空望归	上???平	ZZ??P	上/上去/平去/平去/平
7b58793319527080676f147326fbf2b3	何逊	日夕富阳浦口和朗公	梁	5	2	山烟涵树色	平平??入	P??ZZ	平/平去/平上/上去/入
7b58793319527080676f147326fbf2b3	何逊	日夕富阳浦口和朗公	梁	5	3	江水映霞晖	平上?平平	PZZPP	平/上/上去/平/平
7b58793319527080676f147326fbf2b3	何逊	日夕富阳浦口和朗公	梁	5	4	独鹤凌空逝	入入平平去	ZZP?Z	入/入/平/平去/去
7b58793319527080676f147326fbf2b3	何逊	日夕富阳浦口和朗公	梁	5	5	双凫出浪飞	平平??平	PPZ?P	平/平/去入/平去/平
7b58793319527080676f147326fbf2b3	何逊	日夕富阳浦口和朗公	梁	5	6	故乡千馀里	去平平平上	ZPPPZ	去/平/平/平/上
7b58793319527080676f147326fbf2b3	何逊	日夕富阳浦口和朗公	梁	5	7	兹夕寒无衣	平入平平?	PZPP?	平/入/平/平/平去
7b58793319527080e7921f268a47daf0	何逊	边城思	梁	5	0	柳黄未吐叶	上平去?入	ZPZZZ	上/平/去/上去/入
7b58793319527080e7921f268a47daf0	何逊	边城思	梁	5	1	水绿半含苔	上入去平平	ZZZPP	上/入/去/平/平
7b58793319527080e7921f268a47daf0	何逊	边城思	梁	5	2	春色边城动	平入平平上	PZPPZ	平/入/平/平/上
7b58793319527080e7921f268a47daf0	何逊	边城思	梁	5	3	客思故乡来	入平去平平	Z?ZPP	入/平去/去/平/平
7b58793319527080de8e87083e196fbf	何逊	送韦司马别	梁	5	0	送别临曲渚	去??入上	ZZ?ZZ	去/去入/平去/入/上
7b58793319527080de8e87083e196fbf	何逊	送韦司马别	梁	5	1	征人慕前侣	?平去平上	?PZPZ	平上/平/去/平/上
7b58793319527080de8e87083e196fbf	何逊	送韦司马别	梁	5	2	离言虽欲繁	?平平入平	?PPZP	平去/平/平/入/平
7b58793319527080de8e87083e196fbf	何逊	送韦司马别	梁	5	3	离思终无绪	?平平平上	??PPZ	平去/平去/平/平/上
7b58793319527080de8e87083e196fbf	何逊	送韦司马别	梁	5	4	悯悯分手毕	上上?上入	ZZ?ZZ	上/上/平去/上/入
7b58793319527080de8e87083e196fbf	何逊	送韦司马别	梁	5	5	萧萧行帆举	平平?平上	PP??Z	平/平/平去/平去/上
7b58793319527080de8e87083e196fbf	何逊	送韦司马别	梁	5	6	举帆越中流	上平入平平	Z?Z?P	上/平去/入/平去/平
7b58793319527080de8e87083e196fbf	何逊	送韦司马别	梁	5	7	望别上高楼	???平平	?ZZPP	平去/去入/上去/平/平
7b58793319527080de8e87083e196fbf	何逊	送韦司马别	梁	5	8	予起南枝怨	?上平平?	?ZPP?	平上/上/平/平/平去
7b58793319527080de8e87083e196fbf	何逊	送韦司马别	梁	5	9	子结北风愁	上入入平平	ZZZ?P	上/入/入/平去/平
7b58793319527080de8e87083e196fbf	何逊	送韦司马别	梁	5	10	逦逦山蔽日	上上平去入	ZZPZZ	上/上/平/去/入
7b58793319527080de8e87083e196fbf	何逊	送韦司马别	梁	5	11	汹汹浪隐舟	????平	???ZP	平上/平上/平去/上去/平
7b58793319527080de8e87083e196fbf	何逊	送韦司马别	梁	5	12	隐舟邈已远	?平入??	ZPZZZ	上去/平/入/上去/上去
7b58793319527080de8e87083e196fbf	何逊	送韦司马别	梁	5	13	徘徊落日晚	平平入入上	PPZZZ	平/平/入/入/上
7b58793319527080de8e87083e196fbf	何逊	送韦司马别	梁	5	14	归衢并驾奔	平平?去?	PP?Z?	平/平/平上去/去/平去
7b58793319527080de8e87083e196fbf	何逊	送韦司马别	梁	5	15	别馆空筵卷	?去?平?	ZZ?P?	去入/去/平去/平/平上去
7b58793319527080de8e87083e196fbf	何逊	送韦司马别	梁	5	16	想子敛眉去	上上?平?	ZZZPZ	上/上/上去/平/上去
7b58793319527080de8e87083e196fbf	何逊	送韦司马别	梁	5	17	知予衔泪返	平?平去上	P?PZZ	平/平上/平/去/上
7b58793319527080de8e87083e196fbf	何逊	送韦司马别	梁	5	18	衔泪心依依	平去平平平	PZPPP	平/去/平/平/平
7b58793319527080de8e87083e196fbf	何逊	送韦司马别	梁	5	19	薄暮行人稀	入去?平平	ZZ?PP	入/去/平去/平/平
7b58793319527080de8e87083e196fbf	何逊	送韦司马别	梁	5	20	暧暧入塘港	去去入平?	ZZZPZ	去/去/入/平/上去
7b58793319527080de8e87083e196fbf	何逊	送韦司马别	梁	5	21	蓬门已掩扉	平平?上平	PPZZP	平/平/上去/上/平
7b58793319527080de8e87083e196fbf	何逊	送韦司马别	梁	5	22	帘中看月影	平平?入上	P??ZZ	平/平去/平去/入/上
7b58793319527080de8e87083e196fbf	何逊	送韦司马别	梁	5	23	竹里见萤飞	入上去平平	ZZZPP	入/上/去/平/平
7b58793319527080de8e87083e196fbf	何逊	送韦司马别	梁	5	24	萤飞飞不息	平平平入入	PPP?Z	平/平/平/平上入/入
7b58793319527080de8e87083e196fbf	何逊	送韦司马别	梁	5	25	独愁空转侧	入平?上入	ZP?ZZ	入/平/平去/上去/入
7b58793319527080de8e87083e196fbf	何逊	送韦司马别	梁	5	26	北窗倒长簟	入??平上	Z?Z?Z	入//上去/平上去/上
7b58793319527080de8e87083e196fbf	何逊	送韦司马别	梁	5	27	南邻夜闻织	平平去平?	PPZ?Z	平/平/去/平去/去入
7b58793319527080de8e87083e196fbf	何逊	送韦司马别	梁	5	28	弃置勿复陈	去去入??	ZZZZ?	去/去/入/去入/平去
7b58793319527080de8e87083e196fbf	何逊	送韦司马别	梁	5	29	重陈长叹息	????入	????Z	平上去/平去/平上去/平去/入
7b58793319527080cb3a96f06a607dc9	何逊	酬范记室云	梁	5	0	林密户稍阴	平入上去平	PZZZP	平/入/上/去/平
7b58793319527080cb3a96f06a607dc9	何逊	酬范记室云	梁	5	1	草滋阶欲暗	上平平入去	ZPPZZ	上/平/平/入/去
7b58793319527080cb3a96f06a607dc9	何逊	酬范记室云	梁	5	2	风光蕊上轻	?平上??	??ZZ?	平去/平去/上/上去/平去
7b58793319527080cb3a96f06a607dc9	何逊	酬范记室云	梁	5	3	日色花中乱	入入平平去	ZZP?Z	入/入/平/平去/去
7b58793319527080cb3a96f06a607dc9	何逊	酬范记室云	梁	5	4	相思不独欢	?平?入平	???ZP	平去/平去/平上入/入/平
7b58793319527080cb3a96f06a607dc9	何逊	酬范记室云	梁	5	5	伫立空为叹	上入???	ZZ???	上/入/平去/平去/平去
7b58793319527080cb3a96f06a607dc9	何逊	酬范记室云	梁	5	6	清谈莫共理	平平入?上	PPZ?Z	平/平/入/平去/上
7b58793319527080cb3a96f06a607dc9	何逊	酬范记室云	梁	5	7	繁文徒可玩	平平平上去	PPPZZ	平/平/平/上/去
7b58793319527080cb3a96f06a607dc9	何逊	酬范记室云	梁	5	8	高唱子自轻	平去上去?	PZZZ?	平/去/上/去/平去
7b58793319527080cb3a96f06a607dc9	何逊	酬范记室云	梁	5	9	继音予可惮	去平?上去	ZP?ZZ	去/平/平上/上/去
7b58793319527080bf52e841e963bc15	何逊	铜雀妓	梁	5	0	秋风木叶落	平平入入入	P?ZZZ	平/平去/入/入/入
7b58793319527080bf52e841e963bc15	何逊	铜雀妓	梁	5	1	萧瑟管弦清	平入上?平	PZZ?P	平/入/上/平去/平
7b58793319527080bf52e841e963bc15	何逊	铜雀妓	梁	5	2	望陵歌对酒	?平平去上	?PPZZ	平去/平/平/去/上
7b58793319527080bf52e841e963bc15	何逊	铜雀妓	梁	5	3	向帐舞空城	?去上平平	ZZZ?P	上去/去/上/平去/平
7b58793319527080bf52e841e963bc15	何逊	铜雀妓	梁	5	4	寂寂檐宇旷	入入平上去	ZZPZZ	入/入/平/上/去
7b58793319527080bf52e841e963bc15	何逊	铜雀妓	梁	5	5	飘飘帷幔轻	平平平去?	PPPZ?	平/平/平/去/平去
7b58793319527080bf52e841e963bc15	何逊	铜雀妓	梁	5	6	曲终相顾起	入平?去上	ZP?ZZ	入/平/平去/去/上
7b58793319527080bf52e841e963bc15	何逊	铜雀妓	梁	5	7	日暮松柏声	入去?入平	ZZ?ZP	入/去/平去/入/平
7b587933195270801433cb05367753a7	何逊	拟轻薄篇	梁	5	0	城东美少年	平平上?平	PPZZP	平/平/上/上去/平
7b587933195270801433cb05367753a7	何逊	拟轻薄篇	梁	5	1	重身轻万亿	?平??入	?P?ZZ	平上去/平/平去/去入/入
7b587933195270801433cb05367753a7	何逊	拟轻薄篇	梁	5	2	柘弹隋珠丸	去??平平	Z??PP	去/平去/平上/平/平
7b587933195270801433cb05367753a7	何逊	拟轻薄篇	梁	5	3	白马黄金饰	入上平平入	ZZPPZ	入/上/平/平/入
7b587933195270801433cb05367753a7	何逊	拟轻薄篇	梁	5	4	长安九逵上	?平上平?	?PZPZ	平上去/平/上/平/上去
7b587933195270801433cb05367753a7	何逊	拟轻薄篇	梁	5	5	青槐荫道植	平平去上?	PPZZZ	平/平/去/上/去入
7b587933195270801433cb05367753a7	何逊	拟轻薄篇	梁	5	6	毂击晨已喧	入入平?平	ZZPZP	入/入/平/上去/平
7b587933195270801433cb05367753a7	何逊	拟轻薄篇	梁	5	7	肩排暝不息	平平?入入	PP??Z	平/平/平去/平上入/入
7b587933195270801433cb05367753a7	何逊	拟轻薄篇	梁	5	8	走狗通西望	?上平平?	ZZPP?	上去/上/平/平/平去
7b587933195270801433cb05367753a7	何逊	拟轻薄篇	梁	5	9	牵牛亘南直	?平去平入	?PZPZ	平去/平/去/平/入
7b587933195270801433cb05367753a7	何逊	拟轻薄篇	梁	5	10	相期百戏旁	?平入去平	?PZ?P	平去/平/入/平去/平
7b587933195270801433cb05367753a7	何逊	拟轻薄篇	梁	5	11	去来三市侧	?平?上入	ZP?ZZ	上去/平/平去/上/入
7b587933195270801433cb05367753a7	何逊	拟轻薄篇	梁	5	12	象床杳绣被	上平上去?	ZPZZZ	上/平/上/去/上去
7b587933195270801433cb05367753a7	何逊	拟轻薄篇	梁	5	13	玉盘传绮食	入平?上?	ZP?ZZ	入/平/平去/上/去入
7b587933195270801433cb05367753a7	何逊	拟轻薄篇	梁	5	14	倡女掩扇歌	??上?平	?ZZ?P	平去/上去/上/平去/平
7b587933195270801433cb05367753a7	何逊	拟轻薄篇	梁	5	15	小妇开帘织	上上平平?	ZZPPZ	上/上/平/平/去入
7b587933195270801433cb05367753a7	何逊	拟轻薄篇	梁	5	16	相看独隐笑	??入?去	??ZZZ	平去/平去/入/上去/去
7b587933195270801433cb05367753a7	何逊	拟轻薄篇	梁	5	17	见人还敛色	去平平?入	ZPPZZ	去/平/平/上去/入
7b587933195270801433cb05367753a7	何逊	拟轻薄篇	梁	5	18	黄鹤悲故群	平入平去平	PZPZP	平/入/平/去/平
7b587933195270801433cb05367753a7	何逊	拟轻薄篇	梁	5	19	山枝咏新识	平平去平?	PPZPZ	平/平/去/平/去入
7b587933195270801433cb05367753a7	何逊	拟轻薄篇	梁	5	20	乌飞过客尽	平平?入上	PP?ZZ	平/平/平去/入/上
7b587933195270801433cb05367753a7	何逊	拟轻薄篇	梁	5	21	雀聚行龙匿	入??平入	ZZ?PZ	入/上去/平去/平/入
7b587933195270801433cb05367753a7	何逊	拟轻薄篇	梁	5	22	酌羽方厌厌	入上平??	ZZPZZ	入/上去/平/上去入/上去入
7b587933195270801433cb05367753a7	何逊	拟轻薄篇	梁	5	23	此时欢未极	上平平去入	ZPPZZ	上/平/平/去/入
7b58793319527080279f79477b6b7366	何逊	落日前墟望赠范广州云	梁	5	0	缘沟绿草蔓	?平入上?	?PZZ?	平去/平/入/上/平去
7b58793319527080279f79477b6b7366	何逊	落日前墟望赠范广州云	梁	5	1	扶楥杂华舒	平去入?平	PZZ?P	平/去/入/平去/平
7b58793319527080279f79477b6b7366	何逊	落日前墟望赠范广州云	梁	5	2	轻烟澹柳色	?平?上入	???ZZ	平去/平去/平上去/上/入
7b58793319527080279f79477b6b7366	何逊	落日前墟望赠范广州云	梁	5	3	重霞映日馀	?平?入平	?PZZP	平上去/平/上去/入/平
7b58793319527080279f79477b6b7366	何逊	落日前墟望赠范广州云	梁	5	4	遥遥长路远	平平?去?	PP?ZZ	平/平/平上去/去/上去
7b58793319527080279f79477b6b7366	何逊	落日前墟望赠范广州云	梁	5	5	寂寂行人疏	入入?平?	ZZ?P?	入/入/平去/平/平去
7b58793319527080279f79477b6b7366	何逊	落日前墟望赠范广州云	梁	5	6	我心怀硕德	上平平入入	ZPPZZ	上/平/平/入/入
7b58793319527080279f79477b6b7366	何逊	落日前墟望赠范广州云	梁	5	7	思欲命轻车	?入去平平	?ZZ?P	平去/入/去/平去/平
7b58793319527080279f79477b6b7366	何逊	落日前墟望赠范广州云	梁	5	8	高门盛游侣	平平?平上	PP?PZ	平/平/平去/平/上
7b58793319527080279f79477b6b7366	何逊	落日前墟望赠范广州云	梁	5	9	谁肯进畋渔	平上去?平	PZZ?P	平/上/去/平去/平
7b58793319527080825c7948fc56ed70	何逊	看伏郎新婚诗	梁	5	0	雾夕莲出水	去入??上	ZZ?ZZ	去/入/平上/去入/上
7b58793319527080825c7948fc56ed70	何逊	看伏郎新婚诗	梁	5	1	霞朝日照梁	平平入去平	PPZZP	平/平/入/去/平
7b58793319527080825c7948fc56ed70	何逊	看伏郎新婚诗	梁	5	2	何如花烛夜	?平平入去	??PZZ	平上/平去/平/入/去
7b58793319527080825c7948fc56ed70	何逊	看伏郎新婚诗	梁	5	3	轻扇掩红妆	??上平平	??ZPP	平去/平去/上/平/平
7b58793319527080825c7948fc56ed70	何逊	看伏郎新婚诗	梁	5	4	良人复灼灼	平平?入入	PPZZZ	平/平/去入/入/入
7b58793319527080825c7948fc56ed70	何逊	看伏郎新婚诗	梁	5	5	席上自生光	入?去平?	ZZZ??	入/上去/去/平去/平去
7b58793319527080825c7948fc56ed70	何逊	看伏郎新婚诗	梁	5	6	所悲高驾动	上平平去上	ZPPZZ	上/平/平/去/上
7b58793319527080825c7948fc56ed70	何逊	看伏郎新婚诗	梁	5	7	环佩出长廊	平去?平平	PZZ?P	平/去/去入/平上去/平
7b587933195270804de3ab2961bcacc4	何逊	临行公车诗	梁	5	0	扰扰排曙扉	上上平去平	ZZPZP	上/上/平/去/平
7b587933195270804de3ab2961bcacc4	何逊	临行公车诗	梁	5	1	鳞鳞驱早驾	平平?上去	PP?ZZ	平/平/平去/上/去
7b587933195270804de3ab2961bcacc4	何逊	临行公车诗	梁	5	2	禁门俨犹闭	?平上??	?PZ?Z	平去/平/上/平去/去入
7b587933195270804de3ab2961bcacc4	何逊	临行公车诗	梁	5	3	严城方警夜	平平平上去	PPPZZ	平/平/平/上/去
7b587933195270804de3ab2961bcacc4	何逊	临行公车诗	梁	5	4	道胜多增荣	上?平?平	Z?P?P	上/平去/平/平去/平
7b587933195270804de3ab2961bcacc4	何逊	临行公车诗	梁	5	5	拙蒲终难化	入平平平去	ZPP?Z	入/平/平/平去/去
7b587933195270804de3ab2961bcacc4	何逊	临行公车诗	梁	5	6	以兹畎浍质	上平上去?	ZPZZZ	上/平/上/去/去入
7b587933195270804de3ab2961bcacc4	何逊	临行公车诗	梁	5	7	重与沧溟舍	??平??	??P?Z	平上去/平上去/平/平上/上去
7b587933195270804de3ab2961bcacc4	何逊	临行公车诗	梁	5	8	纚舟去浊河	上平?入平	ZPZZP	上/平/上去/入/平
7b587933195270804de3ab2961bcacc4	何逊	临行公车诗	梁	5	9	揆景辞清灞	上上平平去	ZZPPZ	上/上/平/平/去
7b587933195270804de3ab2961bcacc4	何逊	临行公车诗	梁	5	10	平生多意绪	平平平去上	P?PZZ	平/平去/平/去/上
7b587933195270804de3ab2961bcacc4	何逊	临行公车诗	梁	5	11	怀抱皆徂谢	平上平平去	PZPPZ	平/上/平/平/去
7b587933195270804de3ab2961bcacc4	何逊	临行公车诗	梁	5	12	念此将如何	去上?平?	ZZ???	去/上/平去/平去/平上
7b587933195270804de3ab2961bcacc4	何逊	临行公车诗	梁	5	13	抚心独悲咤	上平入平?	ZPZP?	上/平/入/平/平去
7b5879332769d0d35c328ad09ea6c99e	谢脁	暂使下都夜发新林至京邑赠西府同僚	齊	5	0	大江流日夜	去平平入去	ZPPZZ	去/平/平/入/去
7b5879332769d0d35c328ad09ea6c99e	谢脁	暂使下都夜发新林至京邑赠西府同僚	齊	5	1	客心悲未央	入平平去平	ZPPZP	入/平/平/去/平
7b5879332769d0d35c328ad09ea6c99e	谢脁	暂使下都夜发新林至京邑赠西府同僚	齊	5	2	徒念关山近	平去平平?	PZPPZ	平/去/平/平/上去
7b5879332769d0d35c328ad09ea6c99e	谢脁	暂使下都夜发新林至京邑赠西府同僚	齊	5	3	终知返路长	平平上去?	PPZZ?	平/平/上/去/平上去
7b5879332769d0d35c328ad09ea6c99e	谢脁	暂使下都夜发新林至京邑赠西府同僚	齊	5	4	秋河曙耿耿	平平去上上	PPZZZ	平/平/去/上/上
